,name,position,team,standard_projection,half_ppr_projection,ppr_projection,pass_completions,pass_attempts,pass_yards,pass_td,interceptions,rush_attempts,rush_yards,rush_td,targets,receptions,receiving_yards,receiving_td,stat_type,season_start_year,is_available,fantasy_team_id
0,Patrick Mahomes,QB,KC,362.6,362.6,362.6,437,629,4933,29.3,14.3,103,598,3.6,0,0,0,0.0,projection,2024,True,
1,Lamar Jackson,QB,BAL,358.2,358.2,358.2,380,554,4201,25.2,9.2,155,811,5.7,0,0,0,0.0,projection,2024,True,
2,Dak Prescott,QB,DAL,340.1,340.1,340.1,423,611,4860,29.2,4.9,75,313,2.2,0,0,0,0.0,projection,2024,True,
3,Josh Allen,QB,BUF,335.4,335.4,335.4,405,587,4418,27.0,17.2,115,490,7.1,0,0,0,0.0,projection,2024,True,
4,Jalen Hurts,QB,PHI,332.7,332.7,332.7,379,548,4412,26.1,13.4,139,486,6.1,0,0,0,0.0,projection,2024,True,
5,Joe Burrow,QB,CIN,332.1,332.1,332.1,446,656,5070,29.2,12.6,78,293,2.7,0,0,0,0.0,projection,2024,True,
6,Brock Purdy,QB,SF,319.4,319.4,319.4,403,567,4906,27.6,11.8,70,265,2.5,0,0,0,0.0,projection,2024,True,
7,Trevor Lawrence,QB,JAC,315.5,315.5,315.5,427,626,4740,25.5,14.0,93,450,3.2,0,0,0,0.0,projection,2024,True,
8,C.J. Stroud,QB,HOU,312.5,312.5,312.5,418,603,4819,27.7,7.1,66,202,2.1,0,0,0,0.0,projection,2024,True,
9,Caleb Williams,QB,CHI,307.7,307.7,307.7,409,580,4528,23.5,14.0,104,433,3.7,0,0,0,0.0,projection,2024,True,
10,Jordan Love,QB,GB,306.7,306.7,306.7,405,599,4498,27.7,11.7,71,332,2.3,0,0,0,0.0,projection,2024,True,
11,Kyler Murray,QB,ARI,300.2,300.2,300.2,376,543,4035,22.2,12.1,110,555,4.0,0,0,0,0.0,projection,2024,True,
12,Tua Tagovailoa,QB,MIA,299.0,299.0,299.0,425,607,5101,27.3,16.5,59,117,2.1,0,0,0,0.0,projection,2024,True,
13,Justin Herbert,QB,LAC,292.1,292.1,292.1,360,541,4040,24.7,7.9,91,407,2.3,0,0,0,0.0,projection,2024,True,
14,Anthony Richardson,QB,IND,290.3,290.3,290.3,329,491,3609,21.0,9.3,124,571,5.0,0,0,0,0.0,projection,2024,True,
15,Jared Goff,QB,DET,284.2,284.2,284.2,412,585,4565,27.2,11.1,53,93,2.1,0,0,0,0.0,projection,2024,True,
16,Geno Smith,QB,SEA,282.3,282.3,282.3,409,602,4652,24.3,11.7,58,214,1.4,0,0,0,0.0,projection,2024,True,
17,Jayden Daniels,QB,WAS,281.8,281.8,281.8,383,584,4055,20.4,14.2,121,533,3.0,0,0,0,0.0,projection,2024,True,
18,Matthew Stafford,QB,LAR,280.9,280.9,280.9,405,595,4703,26.5,11.2,41,97,0.9,0,0,0,0.0,projection,2024,True,
19,Deshaun Watson,QB,CLE,277.6,277.6,277.6,373,561,4276,22.8,12.8,83,356,2.3,0,0,0,0.0,projection,2024,True,
20,Baker Mayfield,QB,TB,277.5,277.5,277.5,383,569,4340,24.2,9.8,73,248,2.1,0,0,0,0.0,projection,2024,True,
21,Aaron Rodgers,QB,NYJ,274.4,274.4,274.4,417,612,4608,24.8,14.5,58,176,1.6,0,0,0,0.0,projection,2024,True,
22,Kirk Cousins,QB,ATL,274.2,274.2,274.2,393,576,4558,26.4,12.6,55,103,1.9,0,0,0,0.0,projection,2024,True,
23,Russell Wilson,QB,PIT,257.8,257.8,257.8,323,482,3542,20.4,9.1,96,438,3.2,0,0,0,0.0,projection,2024,True,
24,Derek Carr,QB,NO,256.1,256.1,256.1,394,574,4544,22.1,12.7,50,125,1.2,0,0,0,0.0,projection,2024,True,
25,Bo Nix,QB,DEN,253.7,253.7,253.7,372,558,3835,18.8,13.5,98,407,2.6,0,0,0,0.0,projection,2024,True,
26,Bryce Young,QB,CAR,242.2,242.2,242.2,374,560,3837,18.8,9.1,58,278,1.9,0,0,0,0.0,projection,2024,True,
27,Daniel Jones,QB,NYG,225.7,225.7,225.7,357,540,3640,17.6,13.8,76,317,2.7,0,0,0,0.0,projection,2024,True,
28,Will Levis,QB,TEN,225.2,225.2,225.2,360,541,3724,19.0,12.1,61,205,2.5,0,0,0,0.0,projection,2024,True,
29,Drake Maye,QB,NE,206.0,206.0,206.0,340,513,3366,15.8,12.5,65,258,1.9,0,0,0,0.0,projection,2024,True,
30,J.J. McCarthy,QB,MIN,198.2,198.2,198.2,299,430,3190,15.4,10.6,59,232,1.8,0,0,0,0.0,projection,2024,True,
31,Gardner Minshew II,QB,LV,194.9,194.9,194.9,304,454,3129,15.9,7.4,42,134,1.9,0,0,0,0.0,projection,2024,True,
32,Sam Darnold,QB,MIN,85.3,85.3,85.3,129,187,1404,6.1,3.6,29,101,0.8,0,0,0,0.0,projection,2024,True,
33,Aidan O’Connell,QB,LV,54.0,54.0,54.0,104,156,1078,5.3,2.7,5,1,0.1,0,0,0,0.0,projection,2024,True,
34,Jacoby Brissett,QB,NE,32.1,32.1,32.1,51,77,526,2.2,1.8,12,52,0.3,0,0,0,0.0,projection,2024,True,
35,Joe Flacco,QB,IND,19.6,19.6,19.6,38,57,420,2.3,1.8,2,0,0.0,0,0,0,0.0,projection,2024,True,
36,Justin Fields,QB,PIT,19.3,19.3,19.3,32,48,350,1.7,1.0,2,3,0.0,0,0,0,0.0,projection,2024,True,
37,Drew Lock,QB,NYG,17.8,17.8,17.8,34,51,342,1.8,1.4,2,1,0.0,0,0,0,0.0,projection,2024,True,
38,Kyle Trask,QB,TB,12.6,12.6,12.6,18,26,199,1.0,0.7,3,7,0.0,0,0,0,0.0,projection,2024,True,
39,Michael Penix Jr.,QB,ATL,12.2,12.2,12.2,16,24,189,1.1,0.7,1,-1,0.0,0,0,0,0.0,projection,2024,True,
40,Mason Rudolph,QB,TEN,9.4,9.4,9.4,16,24,166,1.0,0.4,1,1,0.0,0,0,0,0.0,projection,2024,True,
41,Carson Wentz,QB,KC,3.1,3.1,3.1,4,5,42,0.3,0.2,1,2,0.0,0,0,0,0.0,projection,2024,True,
42,Jake Browning,QB,CIN,3.0,3.0,3.0,4,6,45,0.3,0.1,0,0,0.0,0,0,0,0.0,projection,2024,True,
43,Joshua Dobbs,QB,SF,2.9,2.9,2.9,4,6,53,0.3,0.1,0,0,0.0,0,0,0,0.0,projection,2024,True,
44,Trey Lance,QB,DAL,2.9,2.9,2.9,4,6,46,0.3,0.2,0,0,0.0,0,0,0,0.0,projection,2024,True,
45,Sean Clifford,QB,GB,2.8,2.8,2.8,4,6,45,0.2,0.2,1,1,0.0,0,0,0,0.0,projection,2024,True,
46,Mike White,QB,MIA,2.8,2.8,2.8,4,6,51,0.3,0.2,0,0,0.0,0,0,0,0.0,projection,2024,True,
47,Davis Mills,QB,HOU,2.8,2.8,2.8,4,6,48,0.3,0.2,0,0,0.0,0,0,0,0.0,projection,2024,True,
48,Hendon Hooker,QB,DET,2.7,2.7,2.7,4,6,48,0.3,0.1,0,0,0.0,0,0,0,0.0,projection,2024,True,
49,Sam Howell,QB,SEA,2.7,2.7,2.7,5,7,52,0.3,0.1,0,1,0.0,0,0,0,0.0,projection,2024,True,
50,Mac Jones,QB,JAC,2.6,2.6,2.6,4,6,48,0.3,0.1,0,0,0.0,0,0,0,0.0,projection,2024,True,
51,Mitch Trubisky,QB,BUF,2.6,2.6,2.6,4,6,44,0.3,0.1,0,0,0.0,0,0,0,0.0,projection,2024,True,
52,Kenny Pickett,QB,PHI,2.6,2.6,2.6,4,5,43,0.2,0.1,0,0,0.0,0,0,0,0.0,projection,2024,True,
53,Tyrod Taylor,QB,NYJ,2.6,2.6,2.6,5,7,50,0.2,0.1,0,1,0.0,0,0,0,0.0,projection,2024,True,
54,Tyson Bagent,QB,CHI,2.5,2.5,2.5,4,5,41,0.2,0.2,0,1,0.0,0,0,0,0.0,projection,2024,True,
55,Josh Johnson,QB,BAL,2.5,2.5,2.5,4,6,44,0.3,0.1,0,0,0.0,0,0,0,0.0,projection,2024,True,
56,Spencer Rattler,QB,NO,2.5,2.5,2.5,4,6,47,0.2,0.2,0,0,0.0,0,0,0,0.0,projection,2024,True,
57,Easton Stick,QB,LAC,2.5,2.5,2.5,3,5,39,0.2,0.1,0,1,0.0,0,0,0,0.0,projection,2024,True,
58,Jameis Winston,QB,CLE,2.4,2.4,2.4,4,6,47,0.2,0.1,0,0,0.0,0,0,0,0.0,projection,2024,True,
59,Jimmy Garoppolo,QB,LAR,2.4,2.4,2.4,3,5,40,0.2,0.1,0,0,0.0,0,0,0,0.0,projection,2024,True,
60,Desmond Ridder,QB,ARI,2.3,2.3,2.3,4,5,40,0.2,0.2,0,0,0.0,0,0,0,0.0,projection,2024,True,
61,Marcus Mariota,QB,WAS,2.2,2.2,2.2,4,6,41,0.2,0.1,0,0,0.0,0,0,0,0.0,projection,2024,True,
62,Andy Dalton,QB,CAR,2.1,2.1,2.1,5,8,52,0.2,0.1,0,0,0.0,0,0,0,0.0,projection,2024,True,
63,Zach Wilson,QB,DEN,2.1,2.1,2.1,4,6,42,0.2,0.1,0,1,0.0,0,0,0,0.0,projection,2024,True,
64,Stetson Bennett,QB,LAR,0.5,0.5,0.5,1,1,8,0.0,0.0,0,0,0.0,0,0,0,0.0,projection,2024,True,
65,Sam Ehlinger,QB,IND,0.2,0.2,0.2,0,0,3,0.0,0.0,0,0,0.0,0,0,0,0.0,projection,2024,True,
66,Taylor Heinicke,QB,ATL,0.2,0.2,0.2,0,0,2,0.0,0.0,0,0,0.0,0,0,0,0.0,projection,2024,True,
67,Brandon Allen,QB,SF,0.2,0.2,0.2,0,0,3,0.0,0.0,0,0,0.0,0,0,0,0.0,projection,2024,True,
68,Jordan Travis,QB,NYJ,0.2,0.2,0.2,0,0,3,0.0,0.0,0,0,0.0,0,0,0,0.0,projection,2024,True,
69,Michael Pratt,QB,GB,0.2,0.2,0.2,0,0,3,0.0,0.0,0,0,0.0,0,0,0,0.0,projection,2024,True,
70,Case Keenum,QB,HOU,0.2,0.2,0.2,0,0,3,0.0,0.0,0,0,0.0,0,0,0,0.0,projection,2024,True,
71,Jaren Hall,QB,MIN,0.1,0.1,0.1,0,0,3,0.0,0.0,0,0,0.0,0,0,0,0.0,projection,2024,True,
72,Jake Haener,QB,NO,0.1,0.1,0.1,0,0,3,0.0,0.0,0,0,0.0,0,0,0,0.0,projection,2024,True,
73,Kyle Allen,QB,PIT,0.1,0.1,0.1,0,0,2,0.0,0.0,0,0,0.0,0,0,0,0.0,projection,2024,True,
74,Tommy DeVito,QB,NYG,0.1,0.1,0.1,0,0,2,0.0,0.0,0,0,0.0,0,0,0,0.0,projection,2024,True,
75,Nick Mullens,QB,MIN,0.1,0.1,0.1,0,0,3,0.0,0.0,0,0,0.0,0,0,0,0.0,projection,2024,True,
76,Jarrett Stidham,QB,DEN,0.1,0.1,0.1,0,0,2,0.0,0.0,0,0,0.0,0,0,0,0.0,projection,2024,True,
77,Nathan Rourke,QB,NYG,0.1,0.1,0.1,0,0,2,0.0,0.0,0,0,0.0,0,0,0,0.0,projection,2024,True,
78,Tyler Huntley,QB,CLE,0.1,0.1,0.1,0,0,3,0.0,0.0,0,0,0.0,0,0,0,0.0,projection,2024,True,
79,Skylar Thompson,QB,MIA,0.1,0.1,0.1,0,0,3,0.0,0.0,0,0,0.0,0,0,0,0.0,projection,2024,True,
80,Malik Willis,QB,TEN,0.1,0.1,0.1,0,0,2,0.0,0.0,0,0,0.0,0,0,0,0.0,projection,2024,True,
81,Bailey Zappe,QB,NE,0.1,0.1,0.1,0,0,2,0.0,0.0,0,0,0.0,0,0,0,0.0,projection,2024,True,
82,Jeff Driskel,QB,WAS,0.1,0.1,0.1,0,0,2,0.0,0.0,0,0,0.0,0,0,0,0.0,projection,2024,True,
83,Devin Leary,QB,BAL,0.1,0.1,0.1,0,0,3,0.0,0.0,0,0,0.0,0,0,0,0.0,projection,2024,True,
84,Christian McCaffrey,RB,SF,281.9,315.9,349.8,0,0,0,0.0,0.0,272,1356,9.8,89,68,612,4.7,projection,2024,True,
85,Breece Hall,RB,NYJ,272.7,312.6,352.4,0,0,0,0.0,0.0,264,1190,9.7,105,80,739,3.9,projection,2024,True,
86,Jonathan Taylor,RB,IND,227.6,249.5,271.4,0,0,0,0.0,0.0,278,1215,10.1,58,44,350,2.1,projection,2024,True,
87,Kyren Williams,RB,LAR,220.2,240.1,260.0,0,0,0,0.0,0.0,257,1254,10.2,52,40,227,2.1,projection,2024,True,
88,Bijan Robinson,RB,ATL,214.2,252.0,289.8,0,0,0,0.0,0.0,211,983,4.3,100,76,609,5.2,projection,2024,True,
89,Isiah Pacheco,RB,KC,208.6,229.2,249.8,0,0,0,0.0,0.0,239,1081,9.4,54,41,315,2.3,projection,2024,True,
90,Saquon Barkley,RB,PHI,200.1,219.6,239.0,0,0,0,0.0,0.0,248,1087,8.6,51,39,286,2.1,projection,2024,True,
91,Kenneth Walker III,RB,SEA,195.6,214.8,233.9,0,0,0,0.0,0.0,233,1049,8.3,50,38,336,1.4,projection,2024,True,
92,Travis Etienne Jr.,RB,JAC,195.4,224.4,253.5,0,0,0,0.0,0.0,236,982,6.9,76,58,479,1.6,projection,2024,True,
93,Derrick Henry,RB,BAL,191.4,207.7,224.1,0,0,0,0.0,0.0,237,1019,9.4,43,33,277,1.1,projection,2024,True,
94,Joe Mixon,RB,HOU,191.0,210.9,230.8,0,0,0,0.0,0.0,231,965,8.2,52,40,312,2.6,projection,2024,True,
95,James Cook,RB,BUF,189.5,214.1,238.8,0,0,0,0.0,0.0,228,1081,4.7,65,49,382,2.7,projection,2024,True,
96,Rachaad White,RB,TB,189.0,215.0,240.9,0,0,0,0.0,0.0,220,891,6.9,68,52,434,2.8,projection,2024,True,
97,James Conner,RB,ARI,185.6,201.9,218.2,0,0,0,0.0,0.0,236,1108,7.6,43,33,234,1.2,projection,2024,True,
98,Jahmyr Gibbs,RB,DET,183.3,214.4,245.5,0,0,0,0.0,0.0,188,925,5.1,82,62,443,2.9,projection,2024,True,
99,Devin Singletary,RB,NYG,178.3,201.4,224.5,0,0,0,0.0,0.0,233,1066,6.3,61,46,288,1.1,projection,2024,True,
100,Aaron Jones,RB,MIN,174.8,206.1,237.3,0,0,0,0.0,0.0,179,831,6.6,82,63,401,2.3,projection,2024,True,
101,D’Andre Swift,RB,CHI,169.4,187.7,205.9,0,0,0,0.0,0.0,214,979,7.0,48,37,236,1.2,projection,2024,True,
102,Tony Pollard,RB,TEN,169.0,184.7,200.3,0,0,0,0.0,0.0,220,972,8.4,41,31,177,0.8,projection,2024,True,
103,Najee Harris,RB,PIT,168.7,184.5,200.2,0,0,0,0.0,0.0,230,997,7.0,41,31,215,1.2,projection,2024,True,
104,Rhamondre Stevenson,RB,NE,168.0,191.7,215.3,0,0,0,0.0,0.0,211,935,6.6,62,47,298,1.1,projection,2024,True,
105,Raheem Mostert,RB,MIA,164.4,175.4,186.5,0,0,0,0.0,0.0,192,906,8.7,29,22,166,1.0,projection,2024,True,
106,Zamir White,RB,LV,162.7,179.2,195.6,0,0,0,0.0,0.0,225,995,5.7,43,33,263,0.8,projection,2024,True,
107,David Montgomery,RB,DET,161.5,171.9,182.4,0,0,0,0.0,0.0,193,900,8.9,27,21,167,0.4,projection,2024,True,
108,Jonathon Brooks,RB,CAR,160.0,179.4,198.8,0,0,0,0.0,0.0,198,891,5.6,51,39,303,1.2,projection,2024,True,
109,Devon Achane,RB,MIA,159.9,186.8,213.7,0,0,0,0.0,0.0,162,800,4.0,71,54,435,2.4,projection,2024,True,
110,Ezekiel Elliott,RB,DAL,154.1,172.5,190.9,0,0,0,0.0,0.0,186,780,6.6,49,37,280,1.6,projection,2024,True,
111,Josh Jacobs,RB,GB,149.3,168.8,188.2,0,0,0,0.0,0.0,192,771,5.9,51,39,285,1.6,projection,2024,True,
112,Jaylen Warren,RB,PIT,148.2,179.8,211.3,0,0,0,0.0,0.0,147,705,2.6,83,63,496,2.3,projection,2024,True,
113,Nick Chubb,RB,CLE,146.7,156.6,166.5,0,0,0,0.0,0.0,186,895,6.5,26,20,151,0.8,projection,2024,True,
114,Zack Moss,RB,CIN,146.0,163.0,179.9,0,0,0,0.0,0.0,166,737,6.8,45,34,250,1.3,projection,2024,True,
115,Gus Edwards,RB,LAC,145.2,157.7,170.3,0,0,0,0.0,0.0,200,860,6.0,33,25,212,0.5,projection,2024,True,
116,Brian Robinson Jr.,RB,WAS,140.2,155.3,170.4,0,0,0,0.0,0.0,166,731,5.2,40,30,285,1.4,projection,2024,True,
117,Austin Ekeler,RB,WAS,137.6,165.2,192.9,0,0,0,0.0,0.0,138,583,5.6,73,55,356,1.8,projection,2024,True,
118,Javonte Williams,RB,DEN,135.0,158.6,182.2,0,0,0,0.0,0.0,172,696,4.9,62,47,302,1.2,projection,2024,True,
119,Alvin Kamara,RB,NO,134.2,160.6,187.1,0,0,0,0.0,0.0,128,560,4.7,69,53,407,1.7,projection,2024,True,
120,Tyjae Spears,RB,TEN,132.4,156.1,179.9,0,0,0,0.0,0.0,145,647,3.2,63,48,377,2.0,projection,2024,True,
121,Chase Brown,RB,CIN,129.2,146.7,164.2,0,0,0,0.0,0.0,146,615,4.1,46,35,357,1.5,projection,2024,True,
122,Tyler Allgeier,RB,ATL,117.9,127.1,136.4,0,0,0,0.0,0.0,143,617,5.5,24,18,183,1.0,projection,2024,True,
123,Ty Chandler,RB,MIN,99.3,110.1,121.0,0,0,0,0.0,0.0,111,505,4.4,28,22,188,0.8,projection,2024,True,
124,Jerome Ford,RB,CLE,99.1,113.7,128.3,0,0,0,0.0,0.0,131,558,2.9,38,29,202,1.2,projection,2024,True,
125,Zach Charbonnet,RB,SEA,98.4,114.0,129.7,0,0,0,0.0,0.0,117,524,2.9,41,31,254,0.7,projection,2024,True,
126,Chuba Hubbard,RB,CAR,93.7,101.5,109.4,0,0,0,0.0,0.0,126,546,4.2,21,16,129,0.3,projection,2024,True,
127,Rico Dowdle,RB,DAL,93.4,106.9,120.5,0,0,0,0.0,0.0,113,501,2.5,36,27,220,1.2,projection,2024,True,
128,Trey Benson,RB,ARI,92.0,104.8,117.6,0,0,0,0.0,0.0,111,471,3.5,34,26,190,0.9,projection,2024,True,
129,J.K. Dobbins,RB,LAC,88.4,103.3,118.2,0,0,0,0.0,0.0,91,423,2.0,39,30,262,1.5,projection,2024,True,
130,Alexander Mattison,RB,LV,87.2,95.3,103.3,0,0,0,0.0,0.0,110,475,4.7,21,16,81,0.7,projection,2024,True,
131,Blake Corum,RB,LAR,86.3,98.2,110.1,0,0,0,0.0,0.0,103,435,3.3,31,24,189,0.8,projection,2024,True,
132,Dameon Pierce,RB,HOU,85.1,92.1,99.0,0,0,0,0.0,0.0,129,516,3.5,18,14,111,0.4,projection,2024,True,
133,Kendre Miller,RB,NO,80.3,93.9,107.4,0,0,0,0.0,0.0,90,408,1.7,36,27,258,0.8,projection,2024,True,
134,Braelon Allen,RB,NYJ,77.2,88.0,98.6,0,0,0,0.0,0.0,90,378,3.3,28,21,155,0.7,projection,2024,True,
135,AJ Dillon,RB,GB,76.4,83.8,91.3,0,0,0,0.0,0.0,103,434,3.3,20,15,117,0.3,projection,2024,True,
136,Antonio Gibson,RB,NE,75.7,92.3,108.8,0,0,0,0.0,0.0,82,358,1.5,43,33,268,0.8,projection,2024,True,
137,Jaleel McLaughlin,RB,DEN,74.7,89.3,104.0,0,0,0,0.0,0.0,70,332,1.5,38,29,259,1.2,projection,2024,True,
138,Ray Davis,RB,BUF,74.2,85.2,96.3,0,0,0,0.0,0.0,83,332,3.5,29,22,162,0.7,projection,2024,True,
139,Samaje Perine,RB,DEN,71.2,84.6,97.9,0,0,0,0.0,0.0,66,296,2.7,35,27,224,0.6,projection,2024,True,
140,Clyde Edwards-Helaire,RB,KC,71.1,81.5,92.1,0,0,0,0.0,0.0,86,361,1.5,28,21,185,1.4,projection,2024,True,
141,Justice Hill,RB,BAL,68.8,86.0,103.3,0,0,0,0.0,0.0,67,303,1.5,45,34,256,0.8,projection,2024,True,
142,MarShawn Lloyd,RB,GB,67.5,78.3,89.1,0,0,0,0.0,0.0,78,330,2.3,28,22,163,0.7,projection,2024,True,
143,Kimani Vidal,RB,LAC,67.1,76.3,85.5,0,0,0,0.0,0.0,95,377,2.1,24,18,133,0.6,projection,2024,True,
144,Tank Bigsby,RB,JAC,66.9,73.2,79.5,0,0,0,0.0,0.0,84,356,3.8,17,13,71,0.4,projection,2024,True,
145,Jamaal Williams,RB,NO,66.6,74.1,81.6,0,0,0,0.0,0.0,102,424,1.9,20,15,113,0.4,projection,2024,True,
146,Elijah Mitchell,RB,SF,64.6,68.8,72.9,0,0,0,0.0,0.0,77,340,3.9,11,8,62,0.3,projection,2024,True,
147,Kenneth Gainwell,RB,PHI,63.2,77.4,91.5,0,0,0,0.0,0.0,75,315,1.0,37,28,225,0.7,projection,2024,True,
148,Khalil Herbert,RB,CHI,58.6,66.3,73.9,0,0,0,0.0,0.0,71,325,1.6,20,15,126,0.7,projection,2024,True,
149,Roschon Johnson,RB,CHI,56.0,65.1,74.1,0,0,0,0.0,0.0,46,200,3.0,24,18,149,0.6,projection,2024,True,
150,Bucky Irving,RB,TB,55.2,60.3,65.4,0,0,0,0.0,0.0,80,336,2.0,13,10,78,0.3,projection,2024,True,
151,Miles Sanders,RB,CAR,51.9,58.9,65.9,0,0,0,0.0,0.0,77,321,1.5,19,14,93,0.4,projection,2024,True,
152,Trey Sermon,RB,IND,50.1,55.6,61.1,0,0,0,0.0,0.0,80,349,1.5,14,11,58,0.3,projection,2024,True,
153,Chase Edmonds,RB,TB,49.1,57.5,65.9,0,0,0,0.0,0.0,73,303,0.9,22,17,122,0.3,projection,2024,True,
154,Eric Gray,RB,NYG,48.2,56.5,64.7,0,0,0,0.0,0.0,47,196,2.0,22,17,132,0.7,projection,2024,True,
155,Kevin Harris,RB,NE,41.9,42.6,43.3,0,0,0,0.0,0.0,62,278,2.2,2,1,13,0.1,projection,2024,True,
156,Tyrone Tracy Jr.,RB,NYG,41.6,48.1,54.7,0,0,0,0.0,0.0,47,188,2.0,17,13,83,0.5,projection,2024,True,
157,Ty Johnson,RB,BUF,38.1,44.7,51.4,0,0,0,0.0,0.0,41,193,0.7,17,13,110,0.7,projection,2024,True,
158,D’Onta Foreman,RB,CLE,36.4,39.2,42.1,0,0,0,0.0,0.0,42,185,2.1,7,6,44,0.2,projection,2024,True,
159,Craig Reynolds,RB,DET,31.1,33.1,35.0,0,0,0,0.0,0.0,34,157,1.9,5,4,35,0.1,projection,2024,True,
160,Ameer Abdullah,RB,LV,29.4,40.1,50.9,0,0,0,0.0,0.0,21,92,0.0,28,21,164,0.7,projection,2024,True,
161,Kyle Juszczyk,RB,SF,28.9,38.9,48.8,0,0,0,0.0,0.0,9,36,0.5,26,20,166,1.0,projection,2024,True,
162,Nyheim Hines,RB,CLE,27.5,30.6,33.7,0,0,0,0.0,0.0,35,134,1.2,8,6,55,0.2,projection,2024,True,
163,Royce Freeman,RB,DAL,25.4,27.7,29.9,0,0,0,0.0,0.0,32,145,1.1,6,4,35,0.2,projection,2024,True,
164,Will Shipley,RB,PHI,24.1,25.8,27.5,0,0,0,0.0,0.0,38,152,1.0,5,3,25,0.1,projection,2024,True,
165,Audric Estime,RB,DEN,23.9,27.5,31.2,0,0,0,0.0,0.0,30,120,1.0,10,7,48,0.2,projection,2024,True,
166,Ronnie Rivers,RB,LAR,23.2,25.4,27.4,0,0,0,0.0,0.0,34,157,0.6,5,4,35,0.2,projection,2024,True,
167,Kene Nwangwu,RB,MIN,22.8,23.8,24.7,0,0,0,0.0,0.0,34,141,1.2,3,2,13,0.1,projection,2024,True,
168,Jordan Mason,RB,SF,22.2,23.7,25.1,0,0,0,0.0,0.0,34,158,0.6,4,3,25,0.1,projection,2024,True,
169,Andrew Beck,RB,HOU,19.5,26.5,33.5,0,0,0,0.0,0.0,8,31,0.3,18,14,98,0.8,projection,2024,True,
170,Chris Rodriguez Jr.,RB,WAS,18.4,19.7,21.0,0,0,0,0.0,0.0,26,117,0.8,3,3,20,0.1,projection,2024,True,
171,D’Ernest Johnson,RB,JAC,18.1,20.8,23.5,0,0,0,0.0,0.0,26,103,0.4,7,5,48,0.1,projection,2024,True,
172,Patrick Ricard,RB,BAL,17.8,25.7,33.7,0,0,0,0.0,0.0,2,5,0.1,21,16,118,0.9,projection,2024,True,
173,Alec Ingold,RB,MIA,15.9,23.6,31.3,0,0,0,0.0,0.0,3,11,0.0,20,15,120,0.5,projection,2024,True,
174,Emari Demercado,RB,ARI,15.4,17.5,19.7,0,0,0,0.0,0.0,23,109,0.2,6,4,29,0.1,projection,2024,True,
175,Robert Burns,RB,ATL,15.3,21.7,28.1,0,0,0,0.0,0.0,5,18,0.2,17,13,93,0.6,projection,2024,True,
176,Israel Abanikanda,RB,NYJ,15.2,16.3,17.5,0,0,0,0.0,0.0,20,88,0.7,3,2,17,0.1,projection,2024,True,
177,Jaylen Wright,RB,MIA,15.0,16.1,17.3,0,0,0,0.0,0.0,20,86,0.7,3,2,19,0.1,projection,2024,True,
178,Keaton Mitchell,RB,BAL,13.9,15.2,16.6,0,0,0,0.0,0.0,18,89,0.3,4,3,26,0.1,projection,2024,True,
179,Jase McClellan,RB,ATL,13.5,14.8,16.0,0,0,0,0.0,0.0,19,76,0.6,3,2,18,0.1,projection,2024,True,
180,Jacob Saylors,RB,NYG,13.1,14.5,16.0,0,0,0,0.0,0.0,16,66,0.7,4,3,18,0.1,projection,2024,True,
181,Kenny McIntosh,RB,SEA,12.5,13.8,15.2,0,0,0,0.0,0.0,17,68,0.5,4,3,20,0.1,projection,2024,True,
182,Hunter Luepke,RB,DAL,11.9,14.9,18.0,0,0,0,0.0,0.0,10,39,0.4,8,6,49,0.2,projection,2024,True,
183,Dylan Laube,RB,LV,11.8,12.8,13.8,0,0,0,0.0,0.0,16,63,0.6,3,2,13,0.1,projection,2024,True,
184,Troy Hairston,RB,HOU,11.7,17.0,22.3,0,0,0,0.0,0.0,3,11,0.1,14,11,73,0.5,projection,2024,True,
185,Michael Burton,RB,DEN,11.0,15.0,19.0,0,0,0,0.0,0.0,9,38,0.0,11,8,53,0.3,projection,2024,True,
186,Khari Blasingame,RB,CHI,10.9,14.4,17.9,0,0,0,0.0,0.0,15,54,0.0,9,7,47,0.2,projection,2024,True,
187,Deneric Prince,RB,KC,10.6,11.9,13.0,0,0,0,0.0,0.0,14,57,0.5,3,2,18,0.1,projection,2024,True,
188,Trayveon Williams,RB,CIN,9.7,12.2,14.7,0,0,0,0.0,0.0,12,50,0.0,7,5,37,0.2,projection,2024,True,
189,Nick Bawden,RB,NYJ,8.2,11.0,13.8,0,0,0,0.0,0.0,5,17,0.2,7,6,45,0.2,projection,2024,True,
190,Adam Prentice,RB,NO,8.1,11.9,15.8,0,0,0,0.0,0.0,3,15,0.1,10,8,49,0.2,projection,2024,True,
191,Evan Hull,RB,IND,8.1,9.2,10.3,0,0,0,0.0,0.0,10,41,0.3,3,2,16,0.1,projection,2024,True,
192,Dare Ogunbowale,RB,HOU,6.8,8.7,10.7,0,0,0,0.0,0.0,8,34,0.0,5,4,30,0.1,projection,2024,True,
193,C.J. Ham,RB,MIN,6.5,10.8,15.2,0,0,0,0.0,0.0,1,6,0.0,11,9,52,0.1,projection,2024,True,
194,Rasheen Ali,RB,BAL,6.5,7.0,7.6,0,0,0,0.0,0.0,9,36,0.3,2,1,9,0.0,projection,2024,True,
195,Reggie Gilliam,RB,BUF,4.1,6.2,8.2,0,0,0,0.0,0.0,0,1,0.0,5,4,33,0.1,projection,2024,True,
196,Tyrion Davis-Price,RB,PHI,3.1,3.1,3.1,0,0,0,0.0,0.0,5,23,0.1,0,0,0,0.0,projection,2024,True,
197,Avery Williams,RB,ATL,3.0,3.2,3.5,0,0,0,0.0,0.0,4,17,0.1,1,0,4,0.0,projection,2024,True,
198,Carlos Washington,RB,ATL,2.8,3.1,3.3,0,0,0,0.0,0.0,4,16,0.1,1,0,4,0.0,projection,2024,True,
199,Sean Tucker,RB,TB,2.8,3.1,3.3,0,0,0,0.0,0.0,4,18,0.1,1,0,4,0.0,projection,2024,True,
200,George Holani,RB,SEA,2.6,2.9,3.1,0,0,0,0.0,0.0,4,14,0.1,1,1,4,0.0,projection,2024,True,
201,Keilan Robinson,RB,JAC,2.5,2.8,3.0,0,0,0,0.0,0.0,4,14,0.1,1,0,4,0.0,projection,2024,True,
202,Hassan Haskins,RB,TEN,2.4,2.4,2.4,0,0,0,0.0,0.0,4,16,0.1,0,0,0,0.0,projection,2024,True,
203,Elijah Dotson,RB,LAC,2.4,2.4,2.4,0,0,0,0.0,0.0,4,18,0.1,0,0,0,0.0,projection,2024,True,
204,Myles Gaskin,RB,MIN,2.3,2.5,2.7,0,0,0,0.0,0.0,3,13,0.1,1,0,3,0.0,projection,2024,True,
205,Dillon Johnson,RB,TEN,2.3,2.3,2.3,0,0,0,0.0,0.0,4,15,0.1,0,0,0,0.0,projection,2024,True,
206,DeWayne McBride,RB,MIN,2.2,2.4,2.6,0,0,0,0.0,0.0,3,12,0.1,1,0,3,0.0,projection,2024,True,
207,Michael Wiley,RB,WAS,2.2,2.5,2.7,0,0,0,0.0,0.0,3,12,0.1,1,0,3,0.0,projection,2024,True,
208,Jeremy McNichols,RB,WAS,2.2,2.5,2.7,0,0,0,0.0,0.0,3,12,0.1,1,0,3,0.0,projection,2024,True,
209,Emani Bailey,RB,KC,2.1,2.4,2.6,0,0,0,0.0,0.0,3,11,0.1,1,1,4,0.0,projection,2024,True,
210,Jaret Patterson,RB,LAC,2.0,2.0,2.0,0,0,0,0.0,0.0,4,15,0.1,0,0,0,0.0,projection,2024,True,
211,Brittain Brown,RB,LV,2.0,2.0,2.0,0,0,0,0.0,0.0,3,13,0.1,0,0,0,0.0,projection,2024,True,
212,Sincere McCormick,RB,LV,2.0,2.0,2.0,0,0,0,0.0,0.0,3,13,0.1,0,0,0,0.0,projection,2024,True,
213,Jashaun Corbin,RB,NYG,2.0,2.2,2.5,0,0,0,0.0,0.0,2,9,0.1,1,1,5,0.0,projection,2024,True,
214,JaMycal Hasty,RB,NE,1.9,2.1,2.4,0,0,0,0.0,0.0,2,10,0.1,1,0,3,0.0,projection,2024,True,
215,Boston Scott,RB,LAR,1.9,1.9,1.9,0,0,0,0.0,0.0,4,16,0.1,0,0,0,0.0,projection,2024,True,
216,Isaiah Spiller,RB,LAC,1.8,1.8,1.8,0,0,0,0.0,0.0,4,18,0.0,0,0,0,0.0,projection,2024,True,
217,Chris Evans,RB,CIN,1.8,2.0,2.3,0,0,0,0.0,0.0,2,8,0.1,1,0,4,0.0,projection,2024,True,
218,Zach Evans,RB,LAR,1.7,1.7,1.7,0,0,0,0.0,0.0,4,17,0.0,0,0,0,0.0,projection,2024,True,
219,Xazavian Valladay,RB,NYJ,1.7,1.7,1.7,0,0,0,0.0,0.0,3,11,0.1,0,0,0,0.0,projection,2024,True,
220,Kendall Milton,RB,PHI,1.7,1.7,1.7,0,0,0,0.0,0.0,3,13,0.1,0,0,0,0.0,projection,2024,True,
221,Isaiah Davis,RB,NYJ,1.7,1.7,1.7,0,0,0,0.0,0.0,3,11,0.1,0,0,0,0.0,projection,2024,True,
222,Tarik Cohen,RB,NYJ,1.7,1.7,1.7,0,0,0,0.0,0.0,3,11,0.1,0,0,0,0.0,projection,2024,True,
223,Lew Nichols,RB,PHI,1.7,1.7,1.7,0,0,0,0.0,0.0,3,13,0.1,0,0,0,0.0,projection,2024,True,
224,Jeff Wilson Jr.,RB,MIA,1.6,1.6,1.6,0,0,0,0.0,0.0,3,14,0.0,0,0,0,0.0,projection,2024,True,
225,Frank Gore Jr.,RB,BUF,1.6,1.6,1.6,0,0,0,0.0,0.0,3,10,0.1,0,0,0,0.0,projection,2024,True,
226,Jawhar Jordan,RB,HOU,1.6,1.6,1.6,0,0,0,0.0,0.0,3,11,0.1,0,0,0,0.0,projection,2024,True,
227,J.J. Taylor,RB,HOU,1.6,1.6,1.6,0,0,0,0.0,0.0,3,11,0.1,0,0,0,0.0,projection,2024,True,
228,Christopher Brooks,RB,MIA,1.6,1.6,1.6,0,0,0,0.0,0.0,4,16,0.0,0,0,0,0.0,projection,2024,True,
229,Daijun Edwards,RB,PIT,1.5,1.5,1.5,0,0,0,0.0,0.0,3,11,0.1,0,0,0,0.0,projection,2024,True,
230,Tyler Goodson,RB,IND,1.5,1.7,1.9,0,0,0,0.0,0.0,2,11,0.0,1,0,3,0.0,projection,2024,True,
231,Keaontay Ingram,RB,KC,1.5,1.8,2.0,0,0,0,0.0,0.0,3,11,0.0,1,1,4,0.0,projection,2024,True,
232,Julius Chestnut,RB,TEN,1.5,1.5,1.5,0,0,0,0.0,0.0,2,10,0.1,0,0,0,0.0,projection,2024,True,
233,Isaac Guerendo,RB,SF,1.4,1.4,1.4,0,0,0,0.0,0.0,2,9,0.1,0,0,0,0.0,projection,2024,True,
234,Malik Davis,RB,DAL,1.4,1.4,1.4,0,0,0,0.0,0.0,2,10,0.1,0,0,0,0.0,projection,2024,True,
235,Cody Schrader,RB,SF,1.4,1.4,1.4,0,0,0,0.0,0.0,2,9,0.1,0,0,0,0.0,projection,2024,True,
236,Snoop Conner,RB,DAL,1.4,1.4,1.4,0,0,0,0.0,0.0,2,10,0.1,0,0,0,0.0,projection,2024,True,
237,Sione Vaki,RB,DET,1.3,1.3,1.3,0,0,0,0.0,0.0,2,9,0.1,0,0,0,0.0,projection,2024,True,
238,Jermar Jefferson,RB,DET,1.3,1.3,1.3,0,0,0,0.0,0.0,2,9,0.1,0,0,0,0.0,projection,2024,True,
239,Deuce Vaughn,RB,DAL,1.2,1.2,1.2,0,0,0,0.0,0.0,3,10,0.0,0,0,0,0.0,projection,2024,True,
240,Travis Homer,RB,CHI,1.2,1.2,1.2,0,0,0,0.0,0.0,2,7,0.1,0,0,0,0.0,projection,2024,True,
241,Tony Jones Jr.,RB,ARI,1.2,1.2,1.2,0,0,0,0.0,0.0,2,7,0.1,0,0,0,0.0,projection,2024,True,
242,Owen Wright,RB,BAL,1.2,1.2,1.3,0,0,0,0.0,0.0,2,7,0.1,0,0,1,0.0,projection,2024,True,
243,Darrynton Evans,RB,BUF,1.1,1.1,1.1,0,0,0,0.0,0.0,2,9,0.0,0,0,0,0.0,projection,2024,True,
244,Jaden Shirden,RB,CAR,1.1,1.1,1.1,0,0,0,0.0,0.0,2,8,0.1,0,0,0,0.0,projection,2024,True,
245,John Kelly,RB,CLE,1.1,1.1,1.1,0,0,0,0.0,0.0,2,7,0.1,0,0,0,0.0,projection,2024,True,
246,Cordarrelle Patterson,RB,PIT,1.1,1.1,1.1,0,0,0,0.0,0.0,2,8,0.1,0,0,0,0.0,projection,2024,True,
247,Pierre Strong Jr.,RB,CLE,1.1,1.1,1.1,0,0,0,0.0,0.0,2,8,0.0,0,0,0,0.0,projection,2024,True,
248,Salvon Ahmed,RB,MIA,1.0,1.0,1.0,0,0,0,0.0,0.0,2,8,0.0,0,0,0,0.0,projection,2024,True,
249,Jonathan Ward,RB,PIT,1.0,1.0,1.0,0,0,0,0.0,0.0,2,8,0.0,0,0,0,0.0,projection,2024,True,
250,Emanuel Wilson,RB,GB,1.0,1.0,1.0,0,0,0,0.0,0.0,2,8,0.0,0,0,0,0.0,projection,2024,True,
251,Zonovan Knight,RB,DET,1.0,1.0,1.0,0,0,0,0.0,0.0,2,10,0.0,0,0,0,0.0,projection,2024,True,
252,Jake Funk,RB,DET,0.9,0.9,0.9,0,0,0,0.0,0.0,1,6,0.1,0,0,0,0.0,projection,2024,True,
253,Zander Horvath,RB,NO,0.9,1.3,1.7,0,0,0,0.0,0.0,0,1,0.0,1,1,6,0.0,projection,2024,True,
254,Raheem Blackshear,RB,CAR,0.9,0.9,0.9,0,0,0,0.0,0.0,2,9,0.0,0,0,0,0.0,projection,2024,True,
255,Ellis Merriweather,RB,GB,0.8,0.8,0.8,0,0,0,0.0,0.0,1,5,0.0,0,0,0,0.0,projection,2024,True,
256,Jordan Mims,RB,NO,0.8,0.8,0.8,0,0,0,0.0,0.0,1,5,0.0,0,0,0,0.0,projection,2024,True,
257,Rashaad Penny,RB,CAR,0.8,0.8,0.8,0,0,0,0.0,0.0,2,8,0.0,0,0,0,0.0,projection,2024,True,
258,Michael Carter,RB,ARI,0.7,0.7,0.7,0,0,0,0.0,0.0,1,5,0.0,0,0,0,0.0,projection,2024,True,
259,Tyler Badie,RB,DEN,0.7,0.7,0.7,0,0,0,0.0,0.0,1,5,0.0,0,0,0,0.0,projection,2024,True,
260,Lamical Perine,RB,PIT,0.7,0.7,0.7,0,0,0,0.0,0.0,1,5,0.0,0,0,0,0.0,projection,2024,True,
261,James Robinson,RB,NO,0.6,0.6,0.6,0,0,0,0.0,0.0,1,5,0.0,0,0,0,0.0,projection,2024,True,
262,DeeJay Dallas,RB,ARI,0.5,0.5,0.5,0,0,0,0.0,0.0,1,5,0.0,0,0,0,0.0,projection,2024,True,
263,Patrick Taylor,RB,SF,0.4,0.4,0.4,0,0,0,0.0,0.0,1,4,0.0,0,0,0,0.0,projection,2024,True,
264,Mike Boone,RB,CAR,0.2,0.2,0.2,0,0,0,0.0,0.0,1,2,0.0,0,0,0,0.0,projection,2024,True,
265,CeeDee Lamb,WR,DAL,242.4,306.6,370.9,0,0,0,0.0,0.0,11,70,0.4,183,129,1764,9.6,projection,2024,True,
266,Amon-Ra St. Brown,WR,DET,213.2,271.4,329.6,0,0,0,0.0,0.0,3,20,0.2,166,116,1533,9.6,projection,2024,True,
267,Tyreek Hill,WR,MIA,206.7,256.9,307.2,0,0,0,0.0,0.0,6,37,0.3,145,101,1463,9.3,projection,2024,True,
268,Ja’Marr Chase,WR,CIN,196.2,254.4,312.6,0,0,0,0.0,0.0,3,16,0.2,170,116,1440,8.4,projection,2024,True,
269,Puka Nacua,WR,LAR,187.0,236.5,286.1,0,0,0,0.0,0.0,11,65,0.4,145,99,1409,6.3,projection,2024,True,
270,A.J. Brown,WR,PHI,186.2,236.2,286.2,0,0,0,0.0,0.0,0,0,0.0,146,100,1385,8.1,projection,2024,True,
271,Justin Jefferson,WR,MIN,180.9,232.4,283.9,0,0,0,0.0,0.0,0,0,0.0,151,103,1430,6.4,projection,2024,True,
272,Davante Adams,WR,LV,174.2,231.3,288.3,0,0,0,0.0,0.0,0,0,0.0,176,114,1320,7.2,projection,2024,True,
273,DK Metcalf,WR,SEA,170.8,215.3,259.8,0,0,0,0.0,0.0,0,0,0.0,137,89,1244,7.8,projection,2024,True,
274,Mike Evans,WR,TB,170.4,214.2,258.0,0,0,0,0.0,0.0,0,0,0.0,134,88,1256,7.6,projection,2024,True,
275,Brandon Aiyuk,WR,SF,169.9,214.0,258.2,0,0,0,0.0,0.0,0,0,0.0,129,88,1366,5.6,projection,2024,True,
276,Cooper Kupp,WR,LAR,168.5,217.7,266.9,0,0,0,0.0,0.0,1,6,0.0,151,98,1214,7.8,projection,2024,True,
277,Garrett Wilson,WR,NYJ,168.4,220.5,272.6,0,0,0,0.0,0.0,3,17,0.1,162,104,1275,6.5,projection,2024,True,
278,Michael Pittman Jr.,WR,IND,163.5,216.5,269.5,0,0,0,0.0,0.0,0,0,0.0,158,106,1240,6.7,projection,2024,True,
279,Chris Godwin,WR,TB,161.4,211.7,262.0,0,0,0,0.0,0.0,3,18,0.1,150,101,1213,6.4,projection,2024,True,
280,Christian Kirk,WR,JAC,156.7,201.1,245.6,0,0,0,0.0,0.0,1,6,0.0,137,89,1199,6.1,projection,2024,True,
281,DJ Moore,WR,CHI,155.9,197.1,238.2,0,0,0,0.0,0.0,4,25,0.2,125,82,1192,5.6,projection,2024,True,
282,Drake London,WR,ATL,155.5,198.5,241.5,0,0,0,0.0,0.0,0,0,0.0,127,86,1197,6.1,projection,2024,True,
283,George Pickens,WR,PIT,152.7,189.2,225.7,0,0,0,0.0,0.0,2,13,0.1,115,73,1113,6.7,projection,2024,True,
284,Deebo Samuel,WR,SF,151.4,187.3,223.2,0,0,0,0.0,0.0,34,203,1.5,105,72,882,5.8,projection,2024,True,
285,Chris Olave,WR,NO,149.6,195.2,240.8,0,0,0,0.0,0.0,0,0,0.0,138,91,1212,4.8,projection,2024,True,
286,Jaylen Waddle,WR,MIA,148.5,189.0,229.4,0,0,0,0.0,0.0,3,20,0.1,120,81,1172,4.8,projection,2024,True,
287,Nico Collins,WR,HOU,147.1,183.9,220.7,0,0,0,0.0,0.0,0,0,0.0,107,74,1124,5.9,projection,2024,True,
288,Amari Cooper,WR,CLE,146.9,186.4,226.0,0,0,0,0.0,0.0,0,0,0.0,122,79,1139,5.6,projection,2024,True,
289,Tee Higgins,WR,CIN,146.1,185.7,225.4,0,0,0,0.0,0.0,0,0,0.0,124,79,1082,6.4,projection,2024,True,
290,Zay Flowers,WR,BAL,144.3,184.3,224.2,0,0,0,0.0,0.0,7,43,0.3,122,80,1007,6.4,projection,2024,True,
291,Rashid Shaheed,WR,NO,134.9,167.6,200.3,0,0,0,0.0,0.0,8,47,0.3,102,65,996,4.9,projection,2024,True,
292,Diontae Johnson,WR,CAR,133.1,175.3,217.5,0,0,0,0.0,0.0,0,0,0.0,130,84,996,5.7,projection,2024,True,
293,Terry McLaurin,WR,WAS,131.6,172.4,213.2,0,0,0,0.0,0.0,0,0,0.0,126,82,1073,4.2,projection,2024,True,
294,Stefon Diggs,WR,HOU,130.3,174.8,219.3,0,0,0,0.0,0.0,0,0,0.0,135,89,1026,4.7,projection,2024,True,
295,DeVonta Smith,WR,PHI,127.9,162.6,197.3,0,0,0,0.0,0.0,0,0,0.0,104,69,968,5.3,projection,2024,True,
296,Marvin Harrison Jr.,WR,ARI,127.8,164.5,201.3,0,0,0,0.0,0.0,0,0,0.0,112,73,949,5.7,projection,2024,True,
297,Tyler Lockett,WR,SEA,126.8,167.6,208.3,0,0,0,0.0,0.0,0,0,0.0,124,81,986,4.8,projection,2024,True,
298,Tank Dell,WR,HOU,125.0,156.6,188.2,0,0,0,0.0,0.0,9,55,0.4,95,63,858,5.4,projection,2024,True,
299,Malik Nabers,WR,NYG,124.3,163.0,201.7,0,0,0,0.0,0.0,0,0,0.0,119,77,940,5.2,projection,2024,True,
300,Keon Coleman,WR,BUF,123.4,157.2,191.1,0,0,0,0.0,0.0,0,0,0.0,107,68,899,5.7,projection,2024,True,
301,Jayden Reed,WR,GB,121.1,152.9,184.8,0,0,0,0.0,0.0,11,72,0.4,99,64,795,5.4,projection,2024,True,
302,Courtland Sutton,WR,DEN,120.3,155.7,191.1,0,0,0,0.0,0.0,0,0,0.0,111,71,904,5.1,projection,2024,True,
303,Mike Williams,WR,NYJ,119.3,152.7,186.1,0,0,0,0.0,0.0,1,6,0.0,103,67,913,4.6,projection,2024,True,
304,Keenan Allen,WR,CHI,117.6,156.5,195.5,0,0,0,0.0,0.0,2,12,0.1,114,78,917,4.1,projection,2024,True,
305,Christian Watson,WR,GB,117.4,147.8,178.1,0,0,0,0.0,0.0,3,21,0.1,97,61,813,5.7,projection,2024,True,
306,Brian Thomas Jr.,WR,JAC,117.0,150.7,184.4,0,0,0,0.0,0.0,0,0,0.0,108,67,865,5.3,projection,2024,True,
307,Jakobi Meyers,WR,LV,116.9,153.6,190.4,0,0,0,0.0,0.0,3,18,0.2,113,73,881,4.4,projection,2024,True,
308,Rashee Rice,WR,KC,114.9,147.4,179.9,0,0,0,0.0,0.0,1,5,0.0,95,65,841,5.1,projection,2024,True,
309,Curtis Samuel,WR,BUF,113.4,145.0,176.6,0,0,0,0.0,0.0,7,41,0.3,95,63,793,4.8,projection,2024,True,
310,Marquise Brown,WR,KC,113.4,148.7,183.9,0,0,0,0.0,0.0,1,9,0.1,112,70,846,4.7,projection,2024,True,
311,Adam Thielen,WR,CAR,113.3,152.5,191.7,0,0,0,0.0,0.0,1,6,0.0,120,78,875,4.2,projection,2024,True,
312,Joshua Palmer,WR,LAC,112.0,141.9,171.6,0,0,0,0.0,0.0,0,0,0.0,94,60,807,5.3,projection,2024,True,
313,Gabe Davis,WR,JAC,111.8,140.9,170.1,0,0,0,0.0,0.0,1,6,0.0,97,58,809,5.1,projection,2024,True,
314,DeAndre Hopkins,WR,TEN,111.5,144.4,177.3,0,0,0,0.0,0.0,2,14,0.1,101,66,813,4.8,projection,2024,True,
315,Josh Downs,WR,IND,109.8,143.3,176.7,0,0,0,0.0,0.0,0,0,0.0,104,67,837,4.4,projection,2024,True,
316,Ladd McConkey,WR,LAC,109.7,139.4,169.1,0,0,0,0.0,0.0,0,0,0.0,94,59,783,5.4,projection,2024,True,
317,Calvin Ridley,WR,TEN,108.6,139.6,170.6,0,0,0,0.0,0.0,10,58,0.4,100,62,739,4.5,projection,2024,True,
318,Jerry Jeudy,WR,CLE,108.5,140.8,173.0,0,0,0,0.0,0.0,0,0,0.0,102,64,851,4.0,projection,2024,True,
319,Brandin Cooks,WR,DAL,108.3,138.8,169.2,0,0,0,0.0,0.0,4,24,0.1,94,61,787,4.5,projection,2024,True,
320,Romeo Doubs,WR,GB,104.9,134.9,165.0,0,0,0,0.0,0.0,0,0,0.0,93,60,757,4.9,projection,2024,True,
321,Jordan Addison,WR,MIN,104.5,136.0,167.5,0,0,0,0.0,0.0,1,5,0.0,100,63,786,4.3,projection,2024,True,
322,Jaxon Smith-Njigba,WR,SEA,102.3,134.7,167.1,0,0,0,0.0,0.0,0,0,0.0,103,65,768,4.3,projection,2024,True,
323,Demario Douglas,WR,NE,101.2,136.1,170.9,0,0,0,0.0,0.0,5,28,0.2,109,70,790,3.1,projection,2024,True,
324,Wan’Dale Robinson,WR,NYG,94.9,128.6,162.2,0,0,0,0.0,0.0,8,51,0.4,104,67,713,2.8,projection,2024,True,
325,Odell Beckham Jr.,WR,MIA,91.7,117.8,144.0,0,0,0,0.0,0.0,0,0,0.0,81,52,699,3.7,projection,2024,True,
326,Darnell Mooney,WR,ATL,90.6,114.5,138.5,0,0,0,0.0,0.0,2,12,0.1,77,48,686,3.5,projection,2024,True,
327,Michael Wilson,WR,ARI,87.3,112.1,136.9,0,0,0,0.0,0.0,0,0,0.0,78,50,683,3.3,projection,2024,True,
328,Rondale Moore,WR,ATL,84.9,105.4,125.9,0,0,0,0.0,0.0,25,153,1.0,65,41,499,2.4,projection,2024,True,
329,Jameson Williams,WR,DET,83.9,107.6,131.3,0,0,0,0.0,0.0,3,19,0.2,77,47,627,3.1,projection,2024,True,
330,Elijah Moore,WR,CLE,80.8,105.3,129.8,0,0,0,0.0,0.0,8,48,0.4,80,49,570,2.9,projection,2024,True,
331,Xavier Worthy,WR,KC,79.7,101.7,123.6,0,0,0,0.0,0.0,0,0,0.0,69,44,579,3.7,projection,2024,True,
332,Jahan Dotson,WR,WAS,79.4,103.8,128.1,0,0,0,0.0,0.0,0,0,0.0,80,49,593,3.4,projection,2024,True,
333,Demarcus Robinson,WR,LAR,77.8,99.3,120.7,0,0,0,0.0,0.0,1,6,0.0,66,43,578,3.3,projection,2024,True,
334,Rome Odunze,WR,CHI,77.2,100.2,123.2,0,0,0,0.0,0.0,0,0,0.0,70,46,585,3.2,projection,2024,True,
335,Dontayvion Wicks,WR,GB,76.8,98.1,119.3,0,0,0,0.0,0.0,1,6,0.0,65,43,577,3.1,projection,2024,True,
336,Rashod Bateman,WR,BAL,75.0,98.6,122.2,0,0,0,0.0,0.0,1,7,0.0,78,47,591,2.6,projection,2024,True,
337,Khalil Shakir,WR,BUF,71.4,89.9,108.3,0,0,0,0.0,0.0,0,0,0.0,56,37,551,2.8,projection,2024,True,
338,Darius Slayton,WR,NYG,71.1,90.6,110.1,0,0,0,0.0,0.0,0,0,0.0,62,39,544,2.8,projection,2024,True,
339,Quentin Johnston,WR,LAC,70.6,92.7,114.8,0,0,0,0.0,0.0,3,17,0.1,72,44,521,2.8,projection,2024,True,
340,Jermaine Burton,WR,CIN,62.0,79.8,97.5,0,0,0,0.0,0.0,0,0,0.0,57,35,458,2.8,projection,2024,True,
341,Jalin Hyatt,WR,NYG,61.3,81.2,101.2,0,0,0,0.0,0.0,0,0,0.0,66,40,517,1.7,projection,2024,True,
342,Greg Dortch,WR,ARI,60.6,80.0,99.4,0,0,0,0.0,0.0,1,5,0.0,59,39,456,2.4,projection,2024,True,
343,Justin Watson,WR,KC,60.1,76.4,92.6,0,0,0,0.0,0.0,0,0,0.0,56,33,461,2.4,projection,2024,True,
344,K.J. Osborn,WR,NE,59.7,81.4,103.2,0,0,0,0.0,0.0,0,0,0.0,73,44,464,2.3,projection,2024,True,
345,Ja’Lynn Polk,WR,NE,56.6,75.0,93.3,0,0,0,0.0,0.0,0,0,0.0,61,37,433,2.3,projection,2024,True,
346,Adonai Mitchell,WR,IND,55.7,72.0,88.2,0,0,0,0.0,0.0,0,0,0.0,53,33,397,2.7,projection,2024,True,
347,Ricky Pearsall,WR,SF,54.7,70.4,86.0,0,0,0,0.0,0.0,0,0,0.0,49,31,410,2.4,projection,2024,True,
348,Tyler Boyd,WR,TEN,54.4,74.7,95.0,0,0,0,0.0,0.0,2,11,0.1,65,41,434,1.6,projection,2024,True,
349,Marvin Mims Jr.,WR,DEN,54.2,68.7,83.2,0,0,0,0.0,0.0,8,44,0.3,47,29,406,1.3,projection,2024,True,
350,Tutu Atwell,WR,LAR,53.5,67.5,81.4,0,0,0,0.0,0.0,2,15,0.1,45,28,393,2.1,projection,2024,True,
351,Parris Campbell,WR,PHI,52.4,68.7,85.0,0,0,0,0.0,0.0,0,0,0.0,51,33,398,2.1,projection,2024,True,
352,Xavier Legette,WR,CAR,50.9,66.7,82.5,0,0,0,0.0,0.0,0,0,0.0,50,32,393,2.0,projection,2024,True,
353,A.T. Perry,WR,NO,50.8,63.8,76.8,0,0,0,0.0,0.0,0,0,0.0,42,26,377,2.2,projection,2024,True,
354,Kalif Raymond,WR,DET,50.7,62.9,75.2,0,0,0,0.0,0.0,6,40,0.3,37,24,355,1.6,projection,2024,True,
355,Jalen McMillan,WR,TB,49.3,64.2,79.1,0,0,0,0.0,0.0,0,0,0.0,48,30,372,2.1,projection,2024,True,
356,Roman Wilson,WR,PIT,48.5,62.8,77.1,0,0,0,0.0,0.0,0,0,0.0,47,29,354,2.3,projection,2024,True,
357,Nelson Agholor,WR,BAL,47.4,60.7,74.0,0,0,0,0.0,0.0,0,0,0.0,43,27,346,2.2,projection,2024,True,
358,Luke McCaffrey,WR,WAS,46.4,61.2,76.0,0,0,0,0.0,0.0,0,0,0.0,49,30,354,1.9,projection,2024,True,
359,Jalen Tolbert,WR,DAL,46.1,60.0,73.8,0,0,0,0.0,0.0,0,0,0.0,46,28,366,1.7,projection,2024,True,
360,Brandon Powell,WR,MIN,45.3,60.7,76.2,0,0,0,0.0,0.0,4,22,0.2,47,31,341,1.4,projection,2024,True,
361,Jonathan Mingo,WR,CAR,45.0,62.6,80.2,0,0,0,0.0,0.0,0,0,0.0,60,35,371,1.4,projection,2024,True,
362,Kavontae Turpin,WR,DAL,45.0,54.8,64.7,0,0,0,0.0,0.0,12,76,0.4,31,20,237,1.9,projection,2024,True,
363,Calvin Austin III,WR,PIT,44.5,56.3,68.1,0,0,0,0.0,0.0,11,64,0.4,39,24,276,1.4,projection,2024,True,
364,Troy Franklin,WR,DEN,43.2,57.0,70.8,0,0,0,0.0,0.0,0,0,0.0,45,28,330,1.8,projection,2024,True,
365,Tim Patrick,WR,DEN,42.2,55.9,69.6,0,0,0,0.0,0.0,0,0,0.0,47,27,320,1.8,projection,2024,True,
366,Quez Watkins,WR,PIT,41.3,55.6,69.8,0,0,0,0.0,0.0,0,0,0.0,46,29,317,1.7,projection,2024,True,
367,Malachi Corley,WR,NYJ,41.1,53.2,65.4,0,0,0,0.0,0.0,0,0,0.0,41,24,298,1.9,projection,2024,True,
368,Ainias Smith,WR,PHI,39.4,50.5,61.6,0,0,0,0.0,0.0,0,0,0.0,37,22,285,1.9,projection,2024,True,
369,Tre Tucker,WR,LV,36.4,45.4,54.4,0,0,0,0.0,0.0,8,49,0.4,29,18,235,1.0,projection,2024,True,
370,Treylon Burks,WR,TEN,35.7,46.2,56.6,0,0,0,0.0,0.0,3,21,0.2,35,21,268,1.0,projection,2024,True,
371,D.J. Chark Jr.,WR,LAC,35.7,44.9,54.1,0,0,0,0.0,0.0,0,0,0.0,29,18,264,1.6,projection,2024,True,
372,Cedrick Wilson,WR,NO,32.4,42.2,52.0,0,0,0,0.0,0.0,0,0,0.0,31,20,246,1.3,projection,2024,True,
373,Donovan Peoples-Jones,WR,DET,30.7,39.5,48.3,0,0,0,0.0,0.0,0,0,0.0,28,18,246,1.0,projection,2024,True,
374,Khadarel Hodge,WR,ATL,26.2,33.1,40.0,0,0,0,0.0,0.0,1,5,0.0,22,14,213,0.7,projection,2024,True,
375,Olamide Zaccheaus,WR,WAS,25.2,32.6,39.9,0,0,0,0.0,0.0,0,0,0.0,25,15,188,1.1,projection,2024,True,
376,Trey Palmer,WR,TB,24.7,32.7,40.6,0,0,0,0.0,0.0,1,6,0.0,26,16,186,0.9,projection,2024,True,
377,Kendrick Bourne,WR,NE,24.1,31.7,39.3,0,0,0,0.0,0.0,0,1,0.0,24,15,183,1.0,projection,2024,True,
378,Derius Davis,WR,LAC,23.8,29.2,34.6,0,0,0,0.0,0.0,11,67,0.3,17,11,120,0.6,projection,2024,True,
379,Andrei Iosivas,WR,CIN,23.8,31.1,38.4,0,0,0,0.0,0.0,0,0,0.0,24,15,170,1.2,projection,2024,True,
380,Michael Gallup,WR,LV,23.5,31.9,40.3,0,0,0,0.0,0.0,0,0,0.0,28,17,194,0.7,projection,2024,True,
381,Mack Hollins,WR,BUF,22.8,29.4,35.9,0,0,0,0.0,0.0,0,0,0.0,21,13,184,0.7,projection,2024,True,
382,Alec Pierce,WR,IND,22.4,28.4,34.5,0,0,0,0.0,0.0,0,0,0.0,20,12,162,1.0,projection,2024,True,
383,Deonte Harty,WR,BAL,21.7,28.1,34.4,0,0,0,0.0,0.0,3,19,0.1,20,13,145,0.8,projection,2024,True,
384,Trenton Irwin,WR,CIN,21.4,27.1,32.7,0,0,0,0.0,0.0,0,0,0.0,18,11,154,1.0,projection,2024,True,
385,Zay Jones,WR,ARI,20.4,27.3,34.3,0,0,0,0.0,0.0,0,0,0.0,22,14,149,0.9,projection,2024,True,
386,Jalen Guyton,WR,LV,19.7,25.6,31.5,0,0,0,0.0,0.0,0,0,0.0,23,12,147,0.9,projection,2024,True,
387,Chris Moore,WR,ARI,18.7,23.9,29.1,0,0,0,0.0,0.0,1,4,0.0,16,10,152,0.5,projection,2024,True,
388,Dyami Brown,WR,WAS,17.5,21.8,26.2,0,0,0,0.0,0.0,1,3,0.0,16,9,131,0.7,projection,2024,True,
389,Trent Sherfield,WR,MIN,17.2,23.4,29.5,0,0,0,0.0,0.0,0,0,0.0,21,12,137,0.6,projection,2024,True,
390,Braxton Berrios,WR,MIA,17.0,23.1,29.3,0,0,0,0.0,0.0,1,4,0.0,20,12,141,0.4,projection,2024,True,
391,Marquez Valdes-Scantling,WR,BUF,16.8,21.6,26.4,0,0,0,0.0,0.0,0,0,0.0,17,10,134,0.6,projection,2024,True,
392,Laviska Shenault Jr.,WR,SEA,16.5,20.5,24.6,0,0,0,0.0,0.0,6,34,0.2,12,8,96,0.4,projection,2024,True,
393,Tyler Scott,WR,CHI,16.2,20.4,24.7,0,0,0,0.0,0.0,3,20,0.2,14,9,99,0.5,projection,2024,True,
394,Jamison Crowder,WR,WAS,16.2,21.6,27.0,0,0,0,0.0,0.0,0,0,0.0,18,11,130,0.6,projection,2024,True,
395,Jake Bobo,WR,SEA,15.9,20.8,25.6,0,0,0,0.0,0.0,1,3,0.0,15,10,123,0.6,projection,2024,True,
396,Josh Reynolds,WR,DEN,15.9,20.7,25.5,0,0,0,0.0,0.0,0,0,0.0,16,10,121,0.6,projection,2024,True,
397,Antoine Green,WR,DET,15.2,19.9,24.6,0,0,0,0.0,0.0,0,0,0.0,16,9,115,0.6,projection,2024,True,
398,Noah Brown,WR,HOU,15.1,19.0,23.0,0,0,0,0.0,0.0,0,1,0.0,12,8,115,0.6,projection,2024,True,
399,Sterling Shepard,WR,TB,15.0,20.0,25.0,0,0,0,0.0,0.0,0,0,0.0,17,10,110,0.7,projection,2024,True,
400,Juju Smith-Schuster,WR,NE,14.5,19.8,25.1,0,0,0,0.0,0.0,0,0,0.0,17,11,114,0.5,projection,2024,True,
401,Tyquan Thornton,WR,NE,14.4,19.6,24.7,0,0,0,0.0,0.0,1,8,0.1,18,10,110,0.4,projection,2024,True,
402,Xavier Gipson,WR,NYJ,13.9,17.5,21.1,0,0,0,0.0,0.0,2,13,0.1,12,7,90,0.5,projection,2024,True,
403,Equanimeous St. Brown,WR,NO,13.9,18.0,22.1,0,0,0,0.0,0.0,0,0,0.0,13,8,116,0.4,projection,2024,True,
404,Keith Kirkwood,WR,BAL,13.7,17.9,22.0,0,0,0,0.0,0.0,0,0,0.0,14,8,97,0.7,projection,2024,True,
405,Jason Brownlee,WR,NYJ,12.2,15.7,19.3,0,0,0,0.0,0.0,0,0,0.0,12,7,90,0.5,projection,2024,True,
406,Cedric Tillman,WR,CLE,11.9,15.9,20.0,0,0,0,0.0,0.0,0,2,0.0,13,8,89,0.5,projection,2024,True,
407,Allen Lazard,WR,NYJ,11.9,15.6,19.3,0,0,0,0.0,0.0,0,0,0.0,12,7,96,0.4,projection,2024,True,
408,Jalen Nailor,WR,MIN,11.8,15.8,19.7,0,0,0,0.0,0.0,0,0,0.0,13,8,95,0.4,projection,2024,True,
409,David Bell,WR,CLE,11.5,14.9,18.4,0,0,0,0.0,0.0,0,0,0.0,11,7,81,0.6,projection,2024,True,
410,Scotty Miller,WR,PIT,11.1,14.2,17.3,0,0,0,0.0,0.0,0,0,0.0,10,6,82,0.5,projection,2024,True,
411,Devin Duvernay,WR,JAC,10.7,13.8,16.8,0,0,0,0.0,0.0,1,9,0.1,10,6,75,0.3,projection,2024,True,
412,Robert Woods,WR,HOU,10.4,13.8,17.2,0,0,0,0.0,0.0,0,1,0.0,11,7,76,0.5,projection,2024,True,
413,Jauan Jennings,WR,SF,10.3,13.6,16.9,0,0,0,0.0,0.0,0,0,0.0,10,7,84,0.3,projection,2024,True,
414,Mecole Hardman Jr.,WR,KC,10.2,13.4,16.6,0,0,0,0.0,0.0,0,1,0.0,10,6,76,0.4,projection,2024,True,
415,D.J. Montgomery,WR,IND,9.9,13.2,16.4,0,0,0,0.0,0.0,0,0,0.0,11,6,73,0.5,projection,2024,True,
416,Van Jefferson,WR,PIT,9.7,13.0,16.2,0,0,0,0.0,0.0,0,1,0.0,11,7,80,0.3,projection,2024,True,
417,Tim Jones,WR,JAC,9.5,13.3,17.0,0,0,0,0.0,0.0,0,0,0.0,12,7,79,0.3,projection,2024,True,
418,Velus Jones Jr.,WR,CHI,9.2,11.0,12.7,0,0,0,0.0,0.0,4,25,0.2,6,3,45,0.2,projection,2024,True,
419,Kadarius Toney,WR,KC,9.0,11.7,14.4,0,0,0,0.0,0.0,2,10,0.1,8,5,57,0.3,projection,2024,True,
420,Jalen Cropper,WR,DAL,8.8,11.1,13.5,0,0,0,0.0,0.0,0,0,0.0,8,5,63,0.4,projection,2024,True,
421,Zach Pascal,WR,ARI,8.8,11.8,14.9,0,0,0,0.0,0.0,0,0,0.0,10,6,63,0.4,projection,2024,True,
422,David Durden,WR,DAL,8.8,11.1,13.5,0,0,0,0.0,0.0,0,0,0.0,8,5,63,0.4,projection,2024,True,
423,River Cracraft,WR,MIA,8.7,11.1,13.6,0,0,0,0.0,0.0,0,0,0.0,8,5,65,0.4,projection,2024,True,
424,Chase Claypool,WR,BUF,8.7,11.6,14.5,0,0,0,0.0,0.0,0,0,0.0,9,6,70,0.3,projection,2024,True,
425,Bo Melton,WR,GB,8.3,10.8,13.4,0,0,0,0.0,0.0,0,1,0.0,9,5,64,0.3,projection,2024,True,
426,Rakim Jarrett,WR,TB,8.2,10.9,13.5,0,0,0,0.0,0.0,1,3,0.0,9,5,65,0.2,projection,2024,True,
427,Parker Washington,WR,JAC,7.7,10.3,12.8,0,0,0,0.0,0.0,0,0,0.0,9,5,59,0.3,projection,2024,True,
428,Samori Toure,WR,GB,7.7,10.1,12.5,0,0,0,0.0,0.0,0,0,0.0,9,5,59,0.3,projection,2024,True,
429,Charlie Jones,WR,CIN,7.2,9.4,11.6,0,0,0,0.0,0.0,0,0,0.0,7,4,58,0.2,projection,2024,True,
430,Jalen Brooks,WR,DAL,6.8,9.1,11.3,0,0,0,0.0,0.0,0,0,0.0,7,4,57,0.2,projection,2024,True,
431,Kwamie Lassiter II,WR,CIN,6.2,8.4,10.5,0,0,0,0.0,0.0,0,0,0.0,7,4,50,0.2,projection,2024,True,
432,Isaiah McKenzie,WR,NYG,6.1,8.5,10.9,0,0,0,0.0,0.0,1,4,0.0,8,5,45,0.2,projection,2024,True,
433,Malik Heath,WR,GB,6.1,8.1,10.1,0,0,0,0.0,0.0,0,0,0.0,6,4,44,0.3,projection,2024,True,
434,Elijah Cooks,WR,JAC,5.7,7.4,9.1,0,0,0,0.0,0.0,0,0,0.0,6,3,43,0.2,projection,2024,True,
435,Jordan Whittington,WR,LAR,5.7,7.2,8.8,0,0,0,0.0,0.0,0,0,0.0,5,3,42,0.3,projection,2024,True,
436,Kyle Philips,WR,TEN,5.6,7.5,9.4,0,0,0,0.0,0.0,0,0,0.0,6,4,45,0.2,projection,2024,True,
437,Xavier Smith,WR,LAR,5.4,6.9,8.3,0,0,0,0.0,0.0,0,0,0.0,5,3,39,0.2,projection,2024,True,
438,DeAndre Carter,WR,CHI,5.3,6.7,8.1,0,0,0,0.0,0.0,1,7,0.1,4,3,33,0.2,projection,2024,True,
439,Brandon Johnson,WR,DEN,5.3,6.9,8.5,0,0,0,0.0,0.0,0,0,0.0,5,3,40,0.2,projection,2024,True,
440,Tre’Quan Smith,WR,DET,5.2,6.6,8.0,0,0,0,0.0,0.0,0,0,0.0,4,3,37,0.3,projection,2024,True,
441,Tyler Johnson,WR,LAR,5.1,6.6,8.0,0,0,0,0.0,0.0,0,0,0.0,5,3,39,0.2,projection,2024,True,
442,Isaiah Hodgins,WR,NYG,4.7,6.2,7.6,0,0,0,0.0,0.0,0,0,0.0,5,3,35,0.2,projection,2024,True,
443,Allen Robinson II,WR,NYG,4.7,6.4,8.1,0,0,0,0.0,0.0,0,0,0.0,6,3,36,0.2,projection,2024,True,
444,Stanley Morgan,WR,NO,4.6,6.0,7.3,0,0,0,0.0,0.0,0,0,0.0,4,3,35,0.2,projection,2024,True,
445,John Metchie III,WR,HOU,4.4,5.9,7.3,0,0,0,0.0,0.0,0,0,0.0,5,3,34,0.2,projection,2024,True,
446,Skyy Moore,WR,KC,4.3,5.6,7.0,0,0,0,0.0,0.0,0,1,0.0,4,3,31,0.2,projection,2024,True,
447,Isaiah Williams,WR,DET,4.2,5.3,6.4,0,0,0,0.0,0.0,0,0,0.0,4,2,30,0.2,projection,2024,True,
448,Kendric Pryor,WR,CIN,4.2,5.5,6.7,0,0,0,0.0,0.0,0,0,0.0,4,2,31,0.2,projection,2024,True,
449,Daurice Fountain,WR,DET,4.2,5.3,6.4,0,0,0,0.0,0.0,0,0,0.0,4,2,30,0.2,projection,2024,True,
450,Tom Kennedy,WR,DET,4.2,5.3,6.4,0,0,0,0.0,0.0,0,0,0.0,4,2,29,0.2,projection,2024,True,
451,Sean Ryan,WR,BAL,4.1,5.3,6.5,0,0,0,0.0,0.0,0,0,0.0,4,2,29,0.2,projection,2024,True,
452,Nick Westbrook-Ikhine,WR,TEN,4.1,5.2,6.5,0,0,0,0.0,0.0,0,0,0.0,4,2,31,0.2,projection,2024,True,
453,Bub Means,WR,NO,4.1,5.3,6.5,0,0,0,0.0,0.0,0,0,0.0,4,2,31,0.2,projection,2024,True,
454,Kayshon Boutte,WR,NE,4.1,5.6,7.1,0,0,0,0.0,0.0,0,0,0.0,5,3,33,0.2,projection,2024,True,
455,Ben Skowronek,WR,HOU,4.0,5.1,6.3,0,0,0,0.0,0.0,0,2,0.0,4,2,28,0.2,projection,2024,True,
456,Cornelius Johnson,WR,LAC,3.9,5.0,6.1,0,0,0,0.0,0.0,0,0,0.0,4,2,28,0.2,projection,2024,True,
457,Brenden Rice,WR,LAC,3.9,5.0,6.1,0,0,0,0.0,0.0,0,0,0.0,4,2,28,0.2,projection,2024,True,
458,Ryan Flournoy,WR,DAL,3.8,4.7,5.8,0,0,0,0.0,0.0,0,0,0.0,3,2,27,0.2,projection,2024,True,
459,Miles Boykin,WR,NYG,3.8,5.1,6.3,0,0,0,0.0,0.0,0,0,0.0,5,3,30,0.1,projection,2024,True,
460,Justyn Ross,WR,KC,3.7,5.0,6.3,0,0,0,0.0,0.0,0,0,0.0,4,3,30,0.1,projection,2024,True,
461,Cody Thompson,WR,TB,3.6,4.7,5.8,0,0,0,0.0,0.0,0,0,0.0,4,2,28,0.1,projection,2024,True,
462,Lil’Jordan Humphrey,WR,DEN,3.6,4.7,5.7,0,0,0,0.0,0.0,0,0,0.0,4,2,26,0.2,projection,2024,True,
463,Ashton Dulin,WR,IND,3.6,4.6,5.7,0,0,0,0.0,0.0,0,0,0.0,3,2,26,0.2,projection,2024,True,
464,Alex Bachman,WR,LV,3.6,4.8,5.9,0,0,0,0.0,0.0,0,0,0.0,4,2,27,0.2,projection,2024,True,
465,Trent Taylor,WR,SF,3.5,4.5,5.5,0,0,0,0.0,0.0,1,3,0.0,3,2,23,0.1,projection,2024,True,
466,Simi Fehoko,WR,LAC,3.5,4.5,5.6,0,0,0,0.0,0.0,0,0,0.0,4,2,25,0.2,projection,2024,True,
467,Tylan Wallace,WR,BAL,3.4,4.4,5.4,0,0,0,0.0,0.0,0,0,0.0,3,2,25,0.1,projection,2024,True,
468,James Proche,WR,CLE,3.3,4.4,5.6,0,0,0,0.0,0.0,0,0,0.0,4,2,26,0.1,projection,2024,True,
469,Jalen Reagor,WR,NE,3.3,4.6,5.9,0,0,0,0.0,0.0,0,0,0.0,4,3,27,0.1,projection,2024,True,
470,Marquez Callaway,WR,PIT,3.3,4.4,5.4,0,0,0,0.0,0.0,0,0,0.0,3,2,24,0.2,projection,2024,True,
471,Kristian Wilkerson,WR,LV,3.1,4.0,5.0,0,0,0,0.0,0.0,0,0,0.0,3,2,23,0.1,projection,2024,True,
472,Erik Ezukanma,WR,MIA,3.1,3.8,4.5,0,0,0,0.0,0.0,1,5,0.0,2,1,18,0.1,projection,2024,True,
473,D.J. Turner,WR,LV,3.1,4.1,5.1,0,0,0,0.0,0.0,0,0,0.0,3,2,23,0.1,projection,2024,True,
474,Anthony Schwartz,WR,MIA,3.0,3.9,4.7,0,0,0,0.0,0.0,0,0,0.0,3,2,23,0.1,projection,2024,True,
475,Chris Conley,WR,SF,2.9,3.8,4.5,0,0,0,0.0,0.0,0,0,0.0,3,2,22,0.1,projection,2024,True,
476,Devontez Walker,WR,BAL,2.9,3.8,4.6,0,0,0,0.0,0.0,0,0,0.0,3,2,21,0.1,projection,2024,True,
477,Ethan Fernea,WR,IND,2.8,3.6,4.5,0,0,0,0.0,0.0,0,0,0.0,3,2,20,0.1,projection,2024,True,
478,Kazmeir Allen,WR,WAS,2.7,3.6,4.5,0,0,0,0.0,0.0,0,0,0.0,3,2,21,0.1,projection,2024,True,
479,Dax Milne,WR,WAS,2.7,3.7,4.6,0,0,0,0.0,0.0,0,0,0.0,3,2,21,0.1,projection,2024,True,
480,Ryan Miller,WR,TB,2.7,3.6,4.4,0,0,0,0.0,0.0,0,0,0.0,3,2,20,0.1,projection,2024,True,
481,Marcus Rosemy-Jacksaint,WR,WAS,2.7,3.6,4.5,0,0,0,0.0,0.0,0,0,0.0,3,2,21,0.1,projection,2024,True,
482,Juwann Winfree,WR,IND,2.7,3.5,4.4,0,0,0,0.0,0.0,0,0,0.0,3,2,20,0.1,projection,2024,True,
483,Davion Davis,WR,WAS,2.7,3.6,4.5,0,0,0,0.0,0.0,0,0,0.0,3,2,21,0.1,projection,2024,True,
484,Brycen Tremayne,WR,WAS,2.7,3.6,4.5,0,0,0,0.0,0.0,0,0,0.0,3,2,21,0.1,projection,2024,True,
485,Phillip Dorsett II,WR,DEN,2.6,3.5,4.4,0,0,0,0.0,0.0,0,0,0.0,3,2,21,0.1,projection,2024,True,
486,Ronnie Bell,WR,SF,2.6,3.4,4.2,0,0,0,0.0,0.0,0,0,0.0,3,2,19,0.1,projection,2024,True,
487,Lance McCutcheon,WR,NYJ,2.4,3.1,3.8,0,0,0,0.0,0.0,0,0,0.0,2,1,18,0.1,projection,2024,True,
488,Xavier Hutchinson,WR,HOU,2.4,3.1,3.8,0,0,0,0.0,0.0,1,4,0.0,2,1,16,0.1,projection,2024,True,
489,K.J. Hamler,WR,BUF,2.4,3.1,3.7,0,0,0,0.0,0.0,0,0,0.0,2,1,18,0.1,projection,2024,True,
490,Malik Knowles,WR,MIN,2.4,3.2,3.9,0,0,0,0.0,0.0,0,0,0.0,3,2,18,0.1,projection,2024,True,
491,Mitchell Tinsley,WR,WAS,2.4,3.2,4.0,0,0,0,0.0,0.0,0,0,0.0,3,2,18,0.1,projection,2024,True,
492,Tyrell Shavers,WR,BUF,2.3,2.9,3.5,0,0,0,0.0,0.0,0,0,0.0,2,1,16,0.1,projection,2024,True,
493,Justin Shorter,WR,BUF,2.3,2.9,3.5,0,0,0,0.0,0.0,0,0,0.0,2,1,16,0.1,projection,2024,True,
494,Bryan Thompson,WR,BUF,2.3,2.9,3.5,0,0,0,0.0,0.0,0,0,0.0,2,1,16,0.1,projection,2024,True,
495,Seth Williams,WR,JAC,2.3,3.0,3.6,0,0,0,0.0,0.0,0,0,0.0,2,1,17,0.1,projection,2024,True,
496,Dee Eskridge,WR,SEA,2.3,2.9,3.5,0,0,0,0.0,0.0,1,3,0.0,2,1,14,0.1,projection,2024,True,
497,Tahj Washington,WR,MIA,2.2,2.9,3.5,0,0,0,0.0,0.0,0,0,0.0,2,1,17,0.1,projection,2024,True,
498,Easop Winston Jr.,WR,SEA,2.2,2.8,3.4,0,0,0,0.0,0.0,0,0,0.0,2,1,16,0.1,projection,2024,True,
499,Michael Woods II,WR,CLE,2.1,2.8,3.4,0,0,0,0.0,0.0,0,0,0.0,2,1,16,0.1,projection,2024,True,
500,Shedrick Jackson,WR,CIN,2.1,2.8,3.5,0,0,0,0.0,0.0,0,0,0.0,2,1,17,0.1,projection,2024,True,
501,Steven Sims Jr.,WR,HOU,2.1,2.7,3.3,0,0,0,0.0,0.0,0,1,0.0,2,1,15,0.1,projection,2024,True,
502,Dareke Young,WR,SEA,2.1,2.8,3.5,0,0,0,0.0,0.0,0,0,0.0,2,1,16,0.1,projection,2024,True,
503,Daniel Arias,WR,ARI,2.0,2.6,3.2,0,0,0,0.0,0.0,0,0,0.0,2,1,14,0.1,projection,2024,True,
504,Xavier Weaver,WR,ARI,2.0,2.6,3.2,0,0,0,0.0,0.0,0,0,0.0,2,1,14,0.1,projection,2024,True,
505,Mason Kinsey,WR,TEN,2.0,2.7,3.4,0,0,0,0.0,0.0,0,0,0.0,2,1,15,0.1,projection,2024,True,
506,Trishton Jackson,WR,MIN,1.9,2.6,3.2,0,0,0,0.0,0.0,0,0,0.0,2,1,14,0.1,projection,2024,True,
507,Irvin Charles,WR,NYJ,1.9,2.5,3.1,0,0,0,0.0,0.0,0,0,0.0,2,1,14,0.1,projection,2024,True,
508,Dante Pettis,WR,CHI,1.9,2.5,3.1,0,0,0,0.0,0.0,0,0,0.0,2,1,14,0.1,projection,2024,True,
509,Racey McMath,WR,DAL,1.8,2.2,2.7,0,0,0,0.0,0.0,0,0,0.0,2,1,13,0.1,projection,2024,True,
510,Jacob Harris,WR,PHI,1.8,2.3,2.8,0,0,0,0.0,0.0,0,0,0.0,2,1,13,0.1,projection,2024,True,
511,Malik Taylor,WR,NYJ,1.8,2.4,3.0,0,0,0,0.0,0.0,0,0,0.0,2,1,14,0.1,projection,2024,True,
512,N’Keal Harry,WR,MIN,1.8,2.3,2.9,0,0,0,0.0,0.0,0,0,0.0,2,1,14,0.1,projection,2024,True,
513,Dan Chisena,WR,ARI,1.7,2.2,2.7,0,0,0,0.0,0.0,0,0,0.0,2,1,12,0.1,projection,2024,True,
514,Andre Baccellia,WR,ARI,1.7,2.2,2.7,0,0,0,0.0,0.0,0,0,0.0,2,1,12,0.1,projection,2024,True,
515,Grant DuBose,WR,GB,1.7,2.1,2.6,0,0,0,0.0,0.0,0,0,0.0,2,1,12,0.1,projection,2024,True,
516,Tyron Billy-Johnson,WR,DAL,1.7,2.2,2.8,0,0,0,0.0,0.0,0,0,0.0,2,1,12,0.1,projection,2024,True,
517,Nikko Remigio,WR,KC,1.6,2.0,2.5,0,0,0,0.0,0.0,0,0,0.0,1,1,11,0.1,projection,2024,True,
518,Jalen Virgil,WR,DEN,1.6,2.1,2.6,0,0,0,0.0,0.0,0,0,0.0,2,1,12,0.1,projection,2024,True,
519,Kendall Hinton,WR,DEN,1.6,2.1,2.5,0,0,0,0.0,0.0,0,0,0.0,2,1,12,0.1,projection,2024,True,
520,Kawaan Baker,WR,NE,1.6,2.1,2.6,0,0,0,0.0,0.0,0,0,0.0,2,1,12,0.1,projection,2024,True,
521,Joseph Ngata,WR,PHI,1.5,1.9,2.3,0,0,0,0.0,0.0,0,0,0.0,1,1,11,0.1,projection,2024,True,
522,Devaughn Vele,WR,DEN,1.5,2.0,2.5,0,0,0,0.0,0.0,0,0,0.0,2,1,11,0.1,projection,2024,True,
523,Johnny Wilson,WR,PHI,1.5,1.9,2.3,0,0,0,0.0,0.0,0,0,0.0,1,1,11,0.1,projection,2024,True,
524,Bryce Ford-Wheaton,WR,NYG,1.5,2.0,2.5,0,0,0,0.0,0.0,0,0,0.0,2,1,11,0.1,projection,2024,True,
525,Austin Watkins Jr.,WR,PHI,1.5,1.9,2.3,0,0,0,0.0,0.0,0,0,0.0,1,1,11,0.1,projection,2024,True,
526,Ray-Ray McCloud,WR,ATL,1.4,1.9,2.2,0,0,0,0.0,0.0,0,1,0.0,1,1,11,0.0,projection,2024,True,
527,Dennis Houston,WR,NYG,1.4,1.9,2.3,0,0,0,0.0,0.0,0,0,0.0,2,1,10,0.1,projection,2024,True,
528,Malik Washington,WR,MIA,1.4,1.8,2.1,0,0,0,0.0,0.0,0,0,0.0,1,1,10,0.1,projection,2024,True,
529,Andy Isabella,WR,BUF,1.4,1.8,2.2,0,0,0,0.0,0.0,0,0,0.0,1,1,10,0.1,projection,2024,True,
530,Collin Johnson,WR,CHI,1.4,1.9,2.4,0,0,0,0.0,0.0,0,0,0.0,2,1,11,0.0,projection,2024,True,
531,Terrace Marshall Jr.,WR,CAR,1.3,1.8,2.3,0,0,0,0.0,0.0,0,0,0.0,2,1,11,0.0,projection,2024,True,
532,David Moore,WR,CAR,1.3,1.6,2.0,0,0,0,0.0,0.0,0,0,0.0,1,1,10,0.0,projection,2024,True,
533,Kaden Davis,WR,DET,1.3,1.6,1.9,0,0,0,0.0,0.0,0,0,0.0,1,1,9,0.1,projection,2024,True,
534,David Sills V,WR,DEN,1.3,1.7,2.2,0,0,0,0.0,0.0,0,0,0.0,1,1,10,0.1,projection,2024,True,
535,Daylen Baldwin,WR,ATL,1.3,1.6,1.9,0,0,0,0.0,0.0,0,0,0.0,1,1,9,0.1,projection,2024,True,
536,Josh Ali,WR,ATL,1.2,1.5,1.8,0,0,0,0.0,0.0,0,0,0.0,1,1,8,0.1,projection,2024,True,
537,Austin Mack,WR,ATL,1.2,1.5,1.8,0,0,0,0.0,0.0,0,0,0.0,1,1,8,0.1,projection,2024,True,
538,Gunner Olszewski,WR,NYG,1.2,1.7,2.0,0,0,0,0.0,0.0,0,0,0.0,1,1,9,0.1,projection,2024,True,
539,Britain Covey,WR,PHI,1.2,1.6,1.9,0,0,0,0.0,0.0,0,0,0.0,1,1,9,0.1,projection,2024,True,
540,Javon Baker,WR,NE,1.1,1.5,1.9,0,0,0,0.0,0.0,0,0,0.0,1,1,9,0.0,projection,2024,True,
541,Jha’Quan Jackson,WR,TEN,1.1,1.5,1.8,0,0,0,0.0,0.0,0,0,0.0,1,1,8,0.0,projection,2024,True,
542,Danny Gray,WR,SF,1.1,1.4,1.6,0,0,0,0.0,0.0,0,0,0.0,1,1,8,0.0,projection,2024,True,
543,Quintez Cephus,WR,HOU,1.1,1.4,1.7,0,0,0,0.0,0.0,0,0,0.0,1,1,8,0.1,projection,2024,True,
544,Jared Wayne,WR,HOU,1.1,1.5,1.8,0,0,0,0.0,0.0,0,0,0.0,1,1,8,0.1,projection,2024,True,
545,Ihmir Smith-Marsette,WR,CAR,1.1,1.4,1.7,0,0,0,0.0,0.0,0,3,0.0,1,1,6,0.0,projection,2024,True,
546,Kearis Jackson,WR,TEN,1.1,1.5,1.8,0,0,0,0.0,0.0,0,0,0.0,1,1,8,0.0,projection,2024,True,
547,Anthony Gould,WR,IND,1.1,1.4,1.7,0,0,0,0.0,0.0,0,0,0.0,1,1,8,0.1,projection,2024,True,
548,Zavier Scott,WR,IND,1.0,1.3,1.5,0,0,0,0.0,0.0,0,0,0.0,1,1,7,0.1,projection,2024,True,
549,Tyrie Cleveland,WR,IND,1.0,1.3,1.6,0,0,0,0.0,0.0,0,0,0.0,1,1,7,0.1,projection,2024,True,
550,Shaq Davis,WR,PHI,0.9,1.2,1.4,0,0,0,0.0,0.0,0,0,0.0,1,1,7,0.0,projection,2024,True,
551,Jamari Thrash,WR,CLE,0.9,1.1,1.4,0,0,0,0.0,0.0,0,0,0.0,1,1,6,0.0,projection,2024,True,
552,Tay Martin,WR,SF,0.9,1.2,1.5,0,0,0,0.0,0.0,0,0,0.0,1,1,7,0.0,projection,2024,True,
553,Montrell Washington,WR,KC,0.8,1.1,1.3,0,0,0,0.0,0.0,0,0,0.0,1,0,6,0.0,projection,2024,True,
554,Michael Bandy,WR,DEN,0.8,1.1,1.3,0,0,0,0.0,0.0,0,0,0.0,1,1,6,0.0,projection,2024,True,
555,Damiere Byrd,WR,WAS,0.7,0.9,1.0,0,0,0,0.0,0.0,0,0,0.0,1,0,5,0.0,projection,2024,True,
556,Colton Dowell,WR,TEN,0.6,0.7,0.9,0,0,0,0.0,0.0,0,0,0.0,1,0,4,0.0,projection,2024,True,
557,Jeff Smith,WR,ARI,0.5,0.6,0.7,0,0,0,0.0,0.0,0,0,0.0,1,0,3,0.0,projection,2024,True,
558,Denzel Mims,WR,JAC,0.5,0.7,0.8,0,0,0,0.0,0.0,0,0,0.0,1,0,4,0.0,projection,2024,True,
559,Chris Blair,WR,ATL,0.5,0.7,0.9,0,0,0,0.0,0.0,0,0,0.0,1,0,4,0.0,projection,2024,True,
560,Dylan Drummond,WR,ATL,0.5,0.7,0.8,0,0,0,0.0,0.0,0,0,0.0,1,0,4,0.0,projection,2024,True,
561,Raleigh Webb,WR,TB,0.5,0.7,0.8,0,0,0,0.0,0.0,0,0,0.0,1,0,3,0.0,projection,2024,True,
562,Thayer Thomas,WR,MIN,0.5,0.7,0.9,0,0,0,0.0,0.0,0,0,0.0,1,0,4,0.0,projection,2024,True,
563,Cody White,WR,SEA,0.5,0.7,0.9,0,0,0,0.0,0.0,0,0,0.0,1,0,4,0.0,projection,2024,True,
564,Lucky Jackson,WR,MIN,0.5,0.7,0.9,0,0,0,0.0,0.0,0,0,0.0,1,0,4,0.0,projection,2024,True,
565,Maurice Alexander,WR,DET,0.5,0.7,0.9,0,0,0,0.0,0.0,0,0,0.0,1,0,4,0.0,projection,2024,True,
566,Jacob Cowing,WR,SF,0.4,0.4,0.6,0,0,0,0.0,0.0,0,0,0.0,0,0,2,0.0,projection,2024,True,
567,Freddie Swain,WR,CHI,0.4,0.5,0.6,0,0,0,0.0,0.0,0,0,0.0,0,0,3,0.0,projection,2024,True,
568,Dez Fitzpatrick,WR,PIT,0.4,0.5,0.6,0,0,0,0.0,0.0,0,0,0.0,0,0,3,0.0,projection,2024,True,
569,Jalen Camp,WR,CLE,0.4,0.6,0.8,0,0,0,0.0,0.0,0,0,0.0,1,0,3,0.0,projection,2024,True,
570,Braylon Sanders,WR,MIA,0.3,0.5,0.5,0,0,0,0.0,0.0,0,0,0.0,0,0,3,0.0,projection,2024,True,
571,Jaelon Darden,WR,CLE,0.3,0.4,0.5,0,0,0,0.0,0.0,0,0,0.0,0,0,2,0.0,projection,2024,True,
572,Nsimba Webster,WR,CHI,0.3,0.3,0.4,0,0,0,0.0,0.0,0,0,0.0,0,0,2,0.0,projection,2024,True,
573,Johnny Johnson III,WR,HOU,0.3,0.3,0.5,0,0,0,0.0,0.0,0,0,0.0,0,0,2,0.0,projection,2024,True,
574,Austin Trammell,WR,JAC,0.3,0.5,0.7,0,0,0,0.0,0.0,0,0,0.0,1,0,3,0.0,projection,2024,True,
575,Mike Strachan,WR,CAR,0.2,0.4,0.4,0,0,0,0.0,0.0,0,0,0.0,0,0,2,0.0,projection,2024,True,
576,Tre’Shaun Harrison,WR,TEN,0.2,0.3,0.4,0,0,0,0.0,0.0,0,0,0.0,0,0,2,0.0,projection,2024,True,
577,Cornell Powell,WR,KC,0.2,0.3,0.3,0,0,0,0.0,0.0,0,0,0.0,0,0,2,0.0,projection,2024,True,
578,Travis Kelce,TE,KC,150.5,202.9,255.2,0,0,0,0.0,0.0,0,0,0.0,129,105,1128,6.4,projection,2024,True,
579,George Kittle,TE,SF,134.3,172.7,211.2,0,0,0,0.0,0.0,1,4,0.0,101,77,1009,5.6,projection,2024,True,
580,Mark Andrews,TE,BAL,128.7,169.6,210.6,0,0,0,0.0,0.0,1,4,0.0,109,82,922,6.1,projection,2024,True,
581,Kyle Pitts,TE,ATL,119.3,153.8,188.2,0,0,0,0.0,0.0,1,4,0.0,102,69,861,5.5,projection,2024,True,
582,Sam LaPorta,TE,DET,113.9,155.7,197.5,0,0,0,0.0,0.0,1,4,0.1,109,84,785,5.9,projection,2024,True,
583,David Njoku,TE,CLE,113.6,150.0,186.4,0,0,0,0.0,0.0,0,0,0.0,106,73,804,5.6,projection,2024,True,
584,Jake Ferguson,TE,DAL,109.9,148.4,186.8,0,0,0,0.0,0.0,0,0,0.0,102,77,763,5.7,projection,2024,True,
585,Evan Engram,TE,JAC,102.6,146.2,189.8,0,0,0,0.0,0.0,0,0,0.0,111,87,790,4.0,projection,2024,True,
586,Trey McBride,TE,ARI,100.1,138.3,176.5,0,0,0,0.0,0.0,0,0,0.0,98,76,753,4.2,projection,2024,True,
587,Dalton Schultz,TE,HOU,97.5,130.6,163.7,0,0,0,0.0,0.0,0,0,0.0,94,66,707,4.6,projection,2024,True,
588,Dallas Goedert,TE,PHI,96.4,130.0,163.6,0,0,0,0.0,0.0,1,4,0.0,92,67,681,4.7,projection,2024,True,
589,Cole Kmet,TE,CHI,96.0,129.3,162.7,0,0,0,0.0,0.0,3,12,0.2,83,67,681,4.4,projection,2024,True,
590,Dalton Kincaid,TE,BUF,94.1,132.2,170.3,0,0,0,0.0,0.0,0,0,0.0,98,76,667,4.7,projection,2024,True,
591,T.J. Hockenson,TE,MIN,92.4,128.8,165.2,0,0,0,0.0,0.0,0,0,0.0,98,73,746,3.0,projection,2024,True,
592,Jonnu Smith,TE,MIA,92.0,124.6,157.1,0,0,0,0.0,0.0,1,5,0.1,87,65,683,3.9,projection,2024,True,
593,Tyler Conklin,TE,NYJ,91.0,123.4,155.9,0,0,0,0.0,0.0,1,4,0.0,90,65,662,4.1,projection,2024,True,
594,Pat Freiermuth,TE,PIT,90.7,121.8,153.0,0,0,0,0.0,0.0,0,0,0.0,90,62,685,3.8,projection,2024,True,
595,Chigoziem Okonkwo,TE,TEN,83.0,113.4,143.7,0,0,0,0.0,0.0,2,9,0.1,88,61,648,2.9,projection,2024,True,
596,Hunter Henry,TE,NE,83.0,112.8,142.5,0,0,0,0.0,0.0,0,0,0.0,86,59,618,3.6,projection,2024,True,
597,Taysom Hill,TE,NO,78.5,92.6,106.7,21,31,242,1.2,0.7,63,301,2.3,37,28,255,1.6,projection,2024,True,
598,Brock Bowers,TE,LV,68.9,99.6,130.4,0,0,0,0.0,0.0,0,0,0.0,85,62,537,2.7,projection,2024,True,
599,Luke Musgrave,TE,GB,67.8,94.6,121.5,0,0,0,0.0,0.0,0,0,0.0,73,54,517,2.8,projection,2024,True,
600,Juwan Johnson,TE,NO,66.1,89.0,111.9,0,0,0,0.0,0.0,0,0,0.0,67,46,489,2.9,projection,2024,True,
601,Cade Otton,TE,TB,64.7,89.1,113.5,0,0,0,0.0,0.0,0,0,0.0,72,49,494,2.6,projection,2024,True,
602,Noah Fant,TE,SEA,59.4,81.7,103.9,0,0,0,0.0,0.0,0,0,0.0,60,44,480,2.0,projection,2024,True,
603,Mike Gesicki,TE,CIN,58.5,78.8,99.1,0,0,0,0.0,0.0,0,0,0.0,62,41,415,2.9,projection,2024,True,
604,Kylen Granson,TE,IND,56.8,76.5,96.2,0,0,0,0.0,0.0,1,4,0.0,59,39,419,2.4,projection,2024,True,
605,Zach Ertz,TE,WAS,56.6,78.9,101.2,0,0,0,0.0,0.0,0,0,0.0,69,45,422,2.5,projection,2024,True,
606,Gerald Everett,TE,CHI,56.2,77.1,97.8,0,0,0,0.0,0.0,2,7,0.1,58,42,396,2.6,projection,2024,True,
607,Tanner Hudson,TE,CIN,55.0,77.0,99.0,0,0,0,0.0,0.0,0,0,0.0,58,44,435,2.0,projection,2024,True,
608,Isaiah Likely,TE,BAL,51.9,67.2,82.5,0,0,0,0.0,0.0,0,0,0.0,43,31,343,3.0,projection,2024,True,
609,Dawson Knox,TE,BUF,49.7,67.5,85.4,0,0,0,0.0,0.0,0,0,0.0,53,36,347,2.6,projection,2024,True,
610,Austin Hooper,TE,NE,48.6,68.7,88.8,0,0,0,0.0,0.0,0,0,0.0,58,40,393,1.6,projection,2024,True,
611,Hayden Hurst,TE,LAC,46.8,63.7,80.6,0,0,0,0.0,0.0,0,0,0.0,51,34,327,2.4,projection,2024,True,
612,Ja’Tavion Sanders,TE,CAR,46.6,67.9,89.3,0,0,0,0.0,0.0,0,0,0.0,61,43,361,1.8,projection,2024,True,
613,Donald Parham Jr.,TE,LAC,44.3,59.3,74.4,0,0,0,0.0,0.0,0,0,0.0,43,30,310,2.3,projection,2024,True,
614,Ben Sinnott,TE,WAS,40.7,59.1,77.4,0,0,0,0.0,0.0,0,0,0.0,53,37,314,1.6,projection,2024,True,
615,Tucker Kraft,TE,GB,39.8,55.3,70.8,0,0,0,0.0,0.0,0,0,0.0,43,31,284,1.9,projection,2024,True,
616,Jelani Woods,TE,IND,39.2,54.0,68.8,0,0,0,0.0,0.0,0,0,0.0,41,30,296,1.7,projection,2024,True,
617,Greg Dulcich,TE,DEN,39.1,53.5,68.0,0,0,0,0.0,0.0,0,0,0.0,42,29,304,1.5,projection,2024,True,
618,Colby Parkinson,TE,LAR,37.5,51.2,64.9,0,0,0,0.0,0.0,0,0,0.0,38,27,261,1.9,projection,2024,True,
619,Noah Gray,TE,KC,37.0,51.0,65.0,0,0,0,0.0,0.0,1,3,0.0,40,28,282,1.4,projection,2024,True,
620,Logan Thomas,TE,SF,33.8,46.2,58.7,0,0,0,0.0,0.0,1,2,0.0,35,25,245,1.5,projection,2024,True,
621,Daniel Bellinger,TE,NYG,32.8,48.1,63.4,0,0,0,0.0,0.0,0,0,0.0,43,31,260,1.2,projection,2024,True,
622,Will Dissly,TE,LAC,32.7,46.2,59.6,0,0,0,0.0,0.0,0,0,0.0,36,27,251,1.3,projection,2024,True,
623,Michael Mayer,TE,LV,31.8,45.2,58.6,0,0,0,0.0,0.0,0,0,0.0,39,27,241,1.3,projection,2024,True,
624,Foster Moreau,TE,NO,28.9,39.8,50.7,0,0,0,0.0,0.0,0,0,0.0,30,22,212,1.3,projection,2024,True,
625,Tommy Tremble,TE,CAR,27.8,38.9,50.1,0,0,0,0.0,0.0,0,0,0.0,33,22,209,1.2,projection,2024,True,
626,Adam Trautman,TE,DEN,27.5,38.8,50.2,0,0,0,0.0,0.0,0,0,0.0,36,23,207,1.2,projection,2024,True,
627,Jack Stoll,TE,NYG,27.3,39.1,51.0,0,0,0,0.0,0.0,0,0,0.0,39,24,183,1.6,projection,2024,True,
628,Lucas Krull,TE,DEN,24.5,34.9,45.4,0,0,0,0.0,0.0,0,0,0.0,32,21,185,1.0,projection,2024,True,
629,Tyler Higbee,TE,LAR,23.6,33.8,43.9,0,0,0,0.0,0.0,0,0,0.0,30,20,191,0.8,projection,2024,True,
630,Josh Whyle,TE,TEN,22.9,32.3,41.6,0,0,0,0.0,0.0,0,0,0.0,26,19,172,1.0,projection,2024,True,
631,Jordan Akins,TE,CLE,22.5,32.1,41.6,0,0,0,0.0,0.0,0,0,0.0,28,19,188,0.7,projection,2024,True,
632,Elijah Higgins,TE,ARI,22.1,31.5,40.8,0,0,0,0.0,0.0,0,0,0.0,25,19,165,1.0,projection,2024,True,
633,Tip Reiman,TE,ARI,20.7,30.4,40.1,0,0,0,0.0,0.0,0,0,0.0,29,19,147,1.0,projection,2024,True,
634,Charlie Woerner,TE,ATL,20.5,28.7,36.9,0,0,0,0.0,0.0,0,0,0.0,24,16,144,1.1,projection,2024,True,
635,Ross Dwelley,TE,ATL,20.4,28.6,36.9,0,0,0,0.0,0.0,0,0,0.0,24,17,154,0.9,projection,2024,True,
636,Jeremy Ruckert,TE,NYJ,20.4,29.6,38.8,0,0,0,0.0,0.0,0,0,0.0,26,18,163,0.7,projection,2024,True,
637,Nick Vannett,TE,TEN,20.1,29.7,39.3,0,0,0,0.0,0.0,0,0,0.0,30,19,149,0.9,projection,2024,True,
638,Darnell Washington,TE,PIT,19.4,27.7,35.9,0,0,0,0.0,0.0,0,0,0.0,25,16,128,1.1,projection,2024,True,
639,Pharaoh Brown,TE,SEA,18.5,25.2,31.8,0,0,0,0.0,0.0,0,0,0.0,17,13,143,0.7,projection,2024,True,
640,Josh Oliver,TE,MIN,17.9,24.9,31.8,0,0,0,0.0,0.0,0,0,0.0,19,14,136,0.7,projection,2024,True,
641,AJ Barner,TE,SEA,17.7,25.8,33.9,0,0,0,0.0,0.0,0,0,0.0,24,16,127,0.9,projection,2024,True,
642,Robert Tonyan,TE,MIN,16.3,23.5,30.8,0,0,0,0.0,0.0,0,0,0.0,21,15,129,0.6,projection,2024,True,
643,Brevin Jordan,TE,HOU,16.2,21.6,27.0,0,0,0,0.0,0.0,0,0,0.0,14,11,120,0.7,projection,2024,True,
644,Brock Wright,TE,DET,15.9,22.7,29.4,0,0,0,0.0,0.0,0,0,0.0,18,14,117,0.7,projection,2024,True,
645,Theo Johnson,TE,NYG,15.7,23.3,30.9,0,0,0,0.0,0.0,0,0,0.0,24,15,113,0.8,projection,2024,True,
646,Drew Sample,TE,CIN,15.7,23.6,31.5,0,0,0,0.0,0.0,0,0,0.0,22,16,117,0.7,projection,2024,True,
647,Luke Farrell,TE,JAC,15.4,21.5,27.6,0,0,0,0.0,0.0,0,0,0.0,16,12,112,0.7,projection,2024,True,
648,Brenton Strange,TE,JAC,14.4,20.5,26.5,0,0,0,0.0,0.0,0,0,0.0,18,12,93,0.9,projection,2024,True,
649,Mo Alie-Cox,TE,IND,13.7,18.6,23.5,0,0,0,0.0,0.0,0,0,0.0,15,10,94,0.7,projection,2024,True,
650,John Bates,TE,WAS,13.6,19.3,24.9,0,0,0,0.0,0.0,0,0,0.0,18,11,97,0.7,projection,2024,True,
651,Mitchell Wilcox,TE,NE,12.6,18.7,24.7,0,0,0,0.0,0.0,0,0,0.0,18,12,94,0.6,projection,2024,True,
652,Peyton Hendershot,TE,DAL,11.6,15.9,20.3,0,0,0,0.0,0.0,1,2,0.0,13,9,74,0.7,projection,2024,True,
653,Stephen Sullivan,TE,CAR,11.2,15.4,19.6,0,0,0,0.0,0.0,0,0,0.0,13,8,90,0.4,projection,2024,True,
654,Luke Schoonmaker,TE,DAL,11.2,15.8,20.5,0,0,0,0.0,0.0,0,0,0.0,14,9,69,0.7,projection,2024,True,
655,Nate Adkins,TE,DEN,10.2,15.2,20.2,0,0,0,0.0,0.0,0,0,0.0,15,10,78,0.4,projection,2024,True,
656,Johnny Mundt,TE,MIN,9.3,13.4,17.5,0,0,0,0.0,0.0,0,0,0.0,11,8,72,0.4,projection,2024,True,
657,Giovanni Ricci,TE,CLE,9.2,13.3,17.5,0,0,0,0.0,0.0,0,0,0.0,12,8,68,0.4,projection,2024,True,
658,Irv Smith Jr.,TE,KC,8.9,12.4,15.9,0,0,0,0.0,0.0,0,0,0.0,11,7,57,0.5,projection,2024,True,
659,C.J. Uzomah,TE,PHI,8.6,11.9,15.1,0,0,0,0.0,0.0,0,0,0.0,9,7,61,0.4,projection,2024,True,
660,Davis Allen,TE,LAR,8.5,12.4,16.2,0,0,0,0.0,0.0,0,0,0.0,10,8,66,0.3,projection,2024,True,
661,MyCole Pruitt,TE,PIT,8.1,11.0,13.9,0,0,0,0.0,0.0,0,0,0.0,8,6,58,0.4,projection,2024,True,
662,Teagan Quitoriano,TE,HOU,8.1,11.3,14.4,0,0,0,0.0,0.0,0,0,0.0,9,6,58,0.4,projection,2024,True,
663,Kenny Yeboah,TE,NYJ,7.7,11.2,14.7,0,0,0,0.0,0.0,0,0,0.0,10,7,56,0.4,projection,2024,True,
664,Connor Heyward,TE,PIT,6.7,9.5,12.3,0,0,0,0.0,0.0,0,1,0.0,8,6,50,0.3,projection,2024,True,
665,Payne Durham,TE,TB,6.2,8.9,11.6,0,0,0,0.0,0.0,0,0,0.0,8,5,48,0.2,projection,2024,True,
666,John FitzPatrick,TE,ATL,6.0,8.7,11.3,0,0,0,0.0,0.0,0,0,0.0,7,5,41,0.3,projection,2024,True,
667,Ko Kieft,TE,TB,5.9,8.4,10.8,0,0,0,0.0,0.0,0,0,0.0,8,5,40,0.3,projection,2024,True,
668,Tanner McLachlan,TE,CIN,5.8,8.5,11.1,0,0,0,0.0,0.0,0,0,0.0,8,5,42,0.3,projection,2024,True,
669,Hunter Long,TE,LAR,5.3,7.7,10.2,0,0,0,0.0,0.0,0,0,0.0,7,5,38,0.3,projection,2024,True,
670,Josiah Deguara,TE,JAC,5.2,7.5,9.8,0,0,0,0.0,0.0,0,0,0.0,7,5,38,0.2,projection,2024,True,
671,Durham Smythe,TE,MIA,4.9,7.1,9.2,0,0,0,0.0,0.0,0,0,0.0,6,4,39,0.2,projection,2024,True,
672,Quintin Morris,TE,BUF,4.9,6.9,9.0,0,0,0,0.0,0.0,0,0,0.0,6,4,34,0.3,projection,2024,True,
673,Grant Calcaterra,TE,PHI,4.8,6.8,8.8,0,0,0,0.0,0.0,0,0,0.0,5,4,36,0.2,projection,2024,True,
674,Tanner Conner,TE,MIA,4.6,6.7,8.8,0,0,0,0.0,0.0,0,0,0.0,6,4,34,0.2,projection,2024,True,
675,Ben Sims,TE,GB,4.5,6.3,8.1,0,0,0,0.0,0.0,0,0,0.0,5,4,29,0.3,projection,2024,True,
676,Jack Westover,TE,SEA,4.5,6.5,8.6,0,0,0,0.0,0.0,0,0,0.0,6,4,32,0.2,projection,2024,True,
677,Blake Whiteheart,TE,ARI,4.3,6.3,8.3,0,0,0,0.0,0.0,0,0,0.0,6,4,31,0.2,projection,2024,True,
678,Ian Thomas,TE,CAR,4.3,6.1,7.9,0,0,0,0.0,0.0,0,0,0.0,5,4,32,0.2,projection,2024,True,
679,Jaheim Bell,TE,NE,4.3,6.4,8.5,0,0,0,0.0,0.0,0,0,0.0,7,4,32,0.2,projection,2024,True,
680,Albert Okwuegbunam,TE,PHI,4.3,6.1,7.9,0,0,0,0.0,0.0,0,0,0.0,5,4,30,0.2,projection,2024,True,
681,Julian Hill,TE,MIA,4.2,6.2,8.1,0,0,0,0.0,0.0,0,0,0.0,6,4,30,0.2,projection,2024,True,
682,Harrison Bryant,TE,LV,4.1,5.7,7.2,0,0,0,0.0,0.0,1,3,0.0,5,3,27,0.2,projection,2024,True,
683,Zaire Mitchell-Paden,TE,CLE,4.1,6.0,7.9,0,0,0,0.0,0.0,0,0,0.0,6,4,30,0.2,projection,2024,True,
684,Cade Stover,TE,HOU,3.9,5.6,7.3,0,0,0,0.0,0.0,0,0,0.0,5,3,27,0.2,projection,2024,True,
685,Charlie Kolar,TE,BAL,3.9,5.6,7.3,0,0,0,0.0,0.0,0,0,0.0,5,3,28,0.2,projection,2024,True,
686,Dalton Keene,TE,HOU,3.4,5.0,6.5,0,0,0,0.0,0.0,0,0,0.0,4,3,24,0.2,projection,2024,True,
687,Brady Russell,TE,SEA,3.4,5.0,6.5,0,0,0,0.0,0.0,0,0,0.0,5,3,24,0.2,projection,2024,True,
688,Tanner Taula,TE,TB,3.2,4.6,6.1,0,0,0,0.0,0.0,0,0,0.0,4,3,24,0.1,projection,2024,True,
689,Devin Culp,TE,TB,3.2,4.6,6.1,0,0,0,0.0,0.0,0,0,0.0,4,3,24,0.1,projection,2024,True,
690,Jared Wiley,TE,KC,3.1,4.4,5.7,0,0,0,0.0,0.0,0,0,0.0,4,3,22,0.2,projection,2024,True,
691,Gerrit Prince,TE,KC,2.9,4.2,5.4,0,0,0,0.0,0.0,0,0,0.0,4,3,20,0.1,projection,2024,True,
692,Eric Saubert,TE,SF,2.9,4.1,5.4,0,0,0,0.0,0.0,0,0,0.0,4,2,21,0.1,projection,2024,True,
693,David Wells,TE,TB,2.8,4.1,5.5,0,0,0,0.0,0.0,0,0,0.0,4,3,20,0.1,projection,2024,True,
694,Parker Hesse,TE,DET,2.8,4.0,5.2,0,0,0,0.0,0.0,0,0,0.0,3,2,20,0.1,projection,2024,True,
695,Sean McKeon,TE,DET,2.7,3.8,4.9,0,0,0,0.0,0.0,0,0,0.0,3,2,17,0.2,projection,2024,True,
696,Jody Fortson,TE,MIA,2.6,3.7,4.9,0,0,0,0.0,0.0,0,0,0.0,3,2,19,0.1,projection,2024,True,
697,Zach Davidson,TE,BUF,2.6,3.8,4.9,0,0,0,0.0,0.0,0,0,0.0,3,2,18,0.1,projection,2024,True,
698,Travis Vokolek,TE,ARI,2.4,3.6,4.7,0,0,0,0.0,0.0,0,0,0.0,3,2,17,0.1,projection,2024,True,
699,Tyler Davis,TE,GB,2.3,3.3,4.4,0,0,0,0.0,0.0,0,0,0.0,3,2,16,0.1,projection,2024,True,
700,E.J. Jenkins,TE,PHI,2.3,3.3,4.4,0,0,0,0.0,0.0,0,0,0.0,3,2,16,0.1,projection,2024,True,
701,Tyler Mabry,TE,SEA,2.2,3.3,4.3,0,0,0,0.0,0.0,0,0,0.0,3,2,16,0.1,projection,2024,True,
702,Marcedes Lewis,TE,CHI,2.2,3.0,3.9,0,0,0,0.0,0.0,0,0,0.0,2,2,16,0.1,projection,2024,True,
703,Zach Gentry,TE,LV,2.1,3.1,4.2,0,0,0,0.0,0.0,0,0,0.0,3,2,16,0.1,projection,2024,True,
704,Nikola Kalinic,TE,LAR,2.1,3.0,4.0,0,0,0,0.0,0.0,0,0,0.0,3,2,15,0.1,projection,2024,True,
705,Miller Forristall,TE,LAR,2.1,3.1,4.0,0,0,0,0.0,0.0,0,0,0.0,3,2,16,0.1,projection,2024,True,
706,Zack Kuntz,TE,NYJ,2.1,3.1,4.0,0,0,0,0.0,0.0,0,0,0.0,3,2,15,0.1,projection,2024,True,
707,Henry Pearson,TE,GB,2.0,2.9,3.8,0,0,0,0.0,0.0,0,0,0.0,3,2,14,0.1,projection,2024,True,
708,Princeton Fant,TE,DAL,1.9,2.7,3.5,0,0,0,0.0,0.0,0,0,0.0,2,2,13,0.1,projection,2024,True,
709,Brevyn Spann-Ford,TE,DAL,1.9,2.7,3.5,0,0,0,0.0,0.0,0,0,0.0,2,2,13,0.1,projection,2024,True,
710,Jesper Horsted,TE,NO,1.9,2.8,3.6,0,0,0,0.0,0.0,0,0,0.0,3,2,13,0.1,projection,2024,True,
711,Rodney Williams II,TE,PIT,1.7,2.5,3.3,0,0,0,0.0,0.0,0,0,0.0,2,2,12,0.1,projection,2024,True,
712,James Mitchell,TE,DET,1.6,2.3,3.0,0,0,0,0.0,0.0,0,0,0.0,2,1,11,0.1,projection,2024,True,
713,Dallin Holker,TE,NO,1.4,2.2,2.8,0,0,0,0.0,0.0,0,0,0.0,2,1,11,0.1,projection,2024,True,
714,Tommy Hudson,TE,NO,1.4,2.2,2.8,0,0,0,0.0,0.0,0,0,0.0,2,1,11,0.1,projection,2024,True,
715,Cole Fotheringham,TE,LV,1.3,2.0,2.6,0,0,0,0.0,0.0,0,0,0.0,2,1,10,0.1,projection,2024,True,
716,Jordan Matthews,TE,CAR,1.1,1.6,2.1,0,0,0,0.0,0.0,0,0,0.0,2,1,8,0.0,projection,2024,True,
717,Scotty Washington,TE,BAL,1.0,1.5,1.9,0,0,0,0.0,0.0,0,0,0.0,1,1,7,0.1,projection,2024,True,
718,Chris Manhertz,TE,NYG,1.0,1.5,1.9,0,0,0,0.0,0.0,0,0,0.0,1,1,7,0.1,projection,2024,True,
719,Stephen Carlson,TE,CHI,1.0,1.4,1.9,0,0,0,0.0,0.0,0,0,0.0,1,1,7,0.0,projection,2024,True,
720,Tommy Sweeney,TE,CHI,1.0,1.5,1.9,0,0,0,0.0,0.0,0,0,0.0,1,1,8,0.0,projection,2024,True,
721,Nick Muse,TE,MIN,0.9,1.3,1.7,0,0,0,0.0,0.0,0,0,0.0,1,1,7,0.0,projection,2024,True,
722,Trey Knox,TE,MIN,0.8,1.2,1.7,0,0,0,0.0,0.0,0,0,0.0,1,1,6,0.0,projection,2024,True,
723,Stone Smartt,TE,LAC,0.7,1.0,1.2,0,0,0,0.0,0.0,0,0,0.0,1,0,5,0.0,projection,2024,True,
724,Lawrence Cager,TE,NYG,0.7,1.0,1.3,0,0,0,0.0,0.0,0,0,0.0,1,1,5,0.0,projection,2024,True,
725,Ben Mason,TE,LAC,0.6,0.8,1.1,0,0,0,0.0,0.0,0,0,0.0,1,0,4,0.0,projection,2024,True,
726,Shane Zylstra,TE,DET,0.6,0.9,1.2,0,0,0,0.0,0.0,0,0,0.0,1,1,4,0.0,projection,2024,True,
727,Tyree Jackson,TE,NYG,0.6,0.9,1.2,0,0,0,0.0,0.0,0,0,0.0,1,1,5,0.0,projection,2024,True,
728,John Samuel Shenker,TE,LV,0.5,0.8,1.0,0,0,0,0.0,0.0,0,0,0.0,1,1,4,0.0,projection,2024,True,
729,Jake Moody,K,SF,140.7,140.7,140.7,0,0,0,0.0,0.0,0,0,0.0,0,0,0,0.0,projection,2024,True,
730,Michael Badgley,K,DET,140.7,140.7,140.7,0,0,0,0.0,0.0,0,0,0.0,0,0,0,0.0,projection,2024,True,
731,Harrison Butker,K,KC,138.9,138.9,138.9,0,0,0,0.0,0.0,0,0,0.0,0,0,0,0.0,projection,2024,True,
732,Brandon Aubrey,K,DAL,138.5,138.5,138.5,0,0,0,0.0,0.0,0,0,0.0,0,0,0,0.0,projection,2024,True,
733,Jason Sanders,K,MIA,137.1,137.1,137.1,0,0,0,0.0,0.0,0,0,0.0,0,0,0,0.0,projection,2024,True,
734,Tyler Bass,K,BUF,136.9,136.9,136.9,0,0,0,0.0,0.0,0,0,0.0,0,0,0,0.0,projection,2024,True,
735,Jake Elliott,K,PHI,136.4,136.4,136.4,0,0,0,0.0,0.0,0,0,0.0,0,0,0,0.0,projection,2024,True,
736,Evan McPherson,K,CIN,136.3,136.3,136.3,0,0,0,0.0,0.0,0,0,0.0,0,0,0,0.0,projection,2024,True,
737,Justin Tucker,K,BAL,135.9,135.9,135.9,0,0,0,0.0,0.0,0,0,0.0,0,0,0,0.0,projection,2024,True,
738,Ka’imi Fairbairn,K,HOU,135.9,135.9,135.9,0,0,0,0.0,0.0,0,0,0.0,0,0,0,0.0,projection,2024,True,
739,Joshua Karty,K,LAR,134.8,134.8,134.8,0,0,0,0.0,0.0,0,0,0.0,0,0,0,0.0,projection,2024,True,
740,Anders Carlson,K,GB,134.5,134.5,134.5,0,0,0,0.0,0.0,0,0,0.0,0,0,0,0.0,projection,2024,True,
741,Younghoe Koo,K,ATL,133.4,133.4,133.4,0,0,0,0.0,0.0,0,0,0.0,0,0,0,0.0,projection,2024,True,
742,Greg Zuerlein,K,NYJ,133.3,133.3,133.3,0,0,0,0.0,0.0,0,0,0.0,0,0,0,0.0,projection,2024,True,
743,Cairo Santos,K,CHI,131.7,131.7,131.7,0,0,0,0.0,0.0,0,0,0.0,0,0,0,0.0,projection,2024,True,
744,Cam Little,K,JAC,131.7,131.7,131.7,0,0,0,0.0,0.0,0,0,0.0,0,0,0,0.0,projection,2024,True,
745,Matt Gay,K,IND,131.6,131.6,131.6,0,0,0,0.0,0.0,0,0,0.0,0,0,0,0.0,projection,2024,True,
746,Dustin Hopkins,K,CLE,128.5,128.5,128.5,0,0,0,0.0,0.0,0,0,0.0,0,0,0,0.0,projection,2024,True,
747,Jason Myers,K,SEA,127.8,127.8,127.8,0,0,0,0.0,0.0,0,0,0.0,0,0,0,0.0,projection,2024,True,
748,Cameron Dicker,K,LAC,127.8,127.8,127.8,0,0,0,0.0,0.0,0,0,0.0,0,0,0,0.0,projection,2024,True,
749,Matt Prater,K,ARI,127.1,127.1,127.1,0,0,0,0.0,0.0,0,0,0.0,0,0,0,0.0,projection,2024,True,
750,Chase McLaughlin,K,TB,126.3,126.3,126.3,0,0,0,0.0,0.0,0,0,0.0,0,0,0,0.0,projection,2024,True,
751,Will Reichard,K,MIN,125.1,125.1,125.1,0,0,0,0.0,0.0,0,0,0.0,0,0,0,0.0,projection,2024,True,
752,Blake Grupe,K,NO,123.9,123.9,123.9,0,0,0,0.0,0.0,0,0,0.0,0,0,0,0.0,projection,2024,True,
753,Chris Boswell,K,PIT,122.9,122.9,122.9,0,0,0,0.0,0.0,0,0,0.0,0,0,0,0.0,projection,2024,True,
754,Ramiz Ahmed,K,WAS,122.8,122.8,122.8,0,0,0,0.0,0.0,0,0,0.0,0,0,0,0.0,projection,2024,True,
755,Nick Folk,K,TEN,122.8,122.8,122.8,0,0,0,0.0,0.0,0,0,0.0,0,0,0,0.0,projection,2024,True,
756,Daniel Carlson,K,LV,121.9,121.9,121.9,0,0,0,0.0,0.0,0,0,0.0,0,0,0,0.0,projection,2024,True,
757,Graham Gano,K,NYG,119.0,119.0,119.0,0,0,0,0.0,0.0,0,0,0.0,0,0,0,0.0,projection,2024,True,
758,Eddy Pineiro,K,CAR,116.2,116.2,116.2,0,0,0,0.0,0.0,0,0,0.0,0,0,0,0.0,projection,2024,True,
759,Wil Lutz,K,DEN,115.7,115.7,115.7,0,0,0,0.0,0.0,0,0,0.0,0,0,0,0.0,projection,2024,True,
760,Joey Slye,K,NE,113.1,113.1,113.1,0,0,0,0.0,0.0,0,0,0.0,0,0,0,0.0,projection,2024,True,
761,PHI Defense,DEF,PHI,135.5,135.5,135.5,0,0,0,0.0,0.0,0,0,0.0,0,0,0,0.0,projection,2024,True,
762,KC Defense,DEF,KC,134.0,134.0,134.0,0,0,0,0.0,0.0,0,0,0.0,0,0,0,0.0,projection,2024,True,
763,CIN Defense,DEF,CIN,133.2,133.2,133.2,0,0,0,0.0,0.0,0,0,0.0,0,0,0,0.0,projection,2024,True,
764,NYJ Defense,DEF,NYJ,132.2,132.2,132.2,0,0,0,0.0,0.0,0,0,0.0,0,0,0,0.0,projection,2024,True,
765,BAL Defense,DEF,BAL,131.6,131.6,131.6,0,0,0,0.0,0.0,0,0,0.0,0,0,0,0.0,projection,2024,True,
766,SF Defense,DEF,SF,130.5,130.5,130.5,0,0,0,0.0,0.0,0,0,0.0,0,0,0,0.0,projection,2024,True,
767,CLE Defense,DEF,CLE,127.7,127.7,127.7,0,0,0,0.0,0.0,0,0,0.0,0,0,0,0.0,projection,2024,True,
768,DAL Defense,DEF,DAL,127.4,127.4,127.4,0,0,0,0.0,0.0,0,0,0.0,0,0,0,0.0,projection,2024,True,
769,LAC Defense,DEF,LAC,126.5,126.5,126.5,0,0,0,0.0,0.0,0,0,0.0,0,0,0,0.0,projection,2024,True,
770,PIT Defense,DEF,PIT,124.3,124.3,124.3,0,0,0,0.0,0.0,0,0,0.0,0,0,0,0.0,projection,2024,True,
771,TB Defense,DEF,TB,123.7,123.7,123.7,0,0,0,0.0,0.0,0,0,0.0,0,0,0,0.0,projection,2024,True,
772,WAS Defense,DEF,WAS,123.6,123.6,123.6,0,0,0,0.0,0.0,0,0,0.0,0,0,0,0.0,projection,2024,True,
773,NYG Defense,DEF,NYG,123.5,123.5,123.5,0,0,0,0.0,0.0,0,0,0.0,0,0,0,0.0,projection,2024,True,
774,MIA Defense,DEF,MIA,123.0,123.0,123.0,0,0,0,0.0,0.0,0,0,0.0,0,0,0,0.0,projection,2024,True,
775,HOU Defense,DEF,HOU,122.9,122.9,122.9,0,0,0,0.0,0.0,0,0,0.0,0,0,0,0.0,projection,2024,True,
776,ATL Defense,DEF,ATL,122.2,122.2,122.2,0,0,0,0.0,0.0,0,0,0.0,0,0,0,0.0,projection,2024,True,
777,BUF Defense,DEF,BUF,121.7,121.7,121.7,0,0,0,0.0,0.0,0,0,0.0,0,0,0,0.0,projection,2024,True,
778,IND Defense,DEF,IND,121.5,121.5,121.5,0,0,0,0.0,0.0,0,0,0.0,0,0,0,0.0,projection,2024,True,
779,NO Defense,DEF,NO,120.5,120.5,120.5,0,0,0,0.0,0.0,0,0,0.0,0,0,0,0.0,projection,2024,True,
780,CHI Defense,DEF,CHI,120.5,120.5,120.5,0,0,0,0.0,0.0,0,0,0.0,0,0,0,0.0,projection,2024,True,
781,JAC Defense,DEF,JAC,119.2,119.2,119.2,0,0,0,0.0,0.0,0,0,0.0,0,0,0,0.0,projection,2024,True,
782,LV Defense,DEF,LV,118.7,118.7,118.7,0,0,0,0.0,0.0,0,0,0.0,0,0,0,0.0,projection,2024,True,
783,SEA Defense,DEF,SEA,117.9,117.9,117.9,0,0,0,0.0,0.0,0,0,0.0,0,0,0,0.0,projection,2024,True,
784,MIN Defense,DEF,MIN,117.7,117.7,117.7,0,0,0,0.0,0.0,0,0,0.0,0,0,0,0.0,projection,2024,True,
785,GB Defense,DEF,GB,117.5,117.5,117.5,0,0,0,0.0,0.0,0,0,0.0,0,0,0,0.0,projection,2024,True,
786,DET Defense,DEF,DET,116.1,116.1,116.1,0,0,0,0.0,0.0,0,0,0.0,0,0,0,0.0,projection,2024,True,
787,NE Defense,DEF,NE,116.0,116.0,116.0,0,0,0,0.0,0.0,0,0,0.0,0,0,0,0.0,projection,2024,True,
788,DEN Defense,DEF,DEN,115.7,115.7,115.7,0,0,0,0.0,0.0,0,0,0.0,0,0,0,0.0,projection,2024,True,
789,LAR Defense,DEF,LAR,113.8,113.8,113.8,0,0,0,0.0,0.0,0,0,0.0,0,0,0,0.0,projection,2024,True,
790,TEN Defense,DEF,TEN,112.6,112.6,112.6,0,0,0,0.0,0.0,0,0,0.0,0,0,0,0.0,projection,2024,True,
791,CAR Defense,DEF,CAR,105.5,105.5,105.5,0,0,0,0.0,0.0,0,0,0.0,0,0,0,0.0,projection,2024,True,
792,ARI Defense,DEF,ARI,103.3,103.3,103.3,0,0,0,0.0,0.0,0,0,0.0,0,0,0,0.0,projection,2024,True,
